Time(s),Queue Density
0.0666667,0.0450933
0.133333,0.0436067
0.2,0.0425142
0.266667,0.0439266
0.333333,0.0467359
0.4,0.048761
0.466667,0.0507197
0.533333,0.0503724
0.6,0.0509616
0.666667,0.0530959
0.733333,0.0539465
0.8,0.0539504
0.866667,0.0554292
0.933333,0.0565139
1,0.0567909
1.06667,0.0565958
1.13333,0.0565841
1.2,0.0571811
1.26667,0.0580668
1.33333,0.0580824
1.4,0.0583126
1.46667,0.0587691
1.53333,0.0593037
1.6,0.0594051
1.66667,0.0590696
1.73333,0.0614497
1.8,0.0619452
1.86667,0.0642551
1.93333,0.0656675
2,0.0659407
2.06667,0.0659134
2.13333,0.0659563
2.2,0.0658431
2.26667,0.0658626
2.33333,0.0661241
2.4,0.0666352
2.46667,0.0667054
2.53333,0.0660967
2.6,0.0664947
2.66667,0.066128
2.73333,0.065808
2.8,0.0656831
2.86667,0.0659329
2.93333,0.0661006
3,0.0640561
3.06667,0.0647116
3.13333,0.0654881
3.2,0.0660889
3.26667,0.0662879
3.33333,0.0666625
3.4,0.0668576
3.46667,0.0668966
3.53333,0.0681062
3.6,0.0690699
3.66667,0.0705994
3.73333,0.0726479
3.8,0.0740135
3.86667,0.0756406
3.93333,0.0772637
4,0.0785162
4.06667,0.0807207
4.13333,0.0803579
4.2,0.0804515
4.26667,0.080073
4.33333,0.0786489
4.4,0.0781065
4.46667,0.0775993
4.53333,0.0774861
4.6,0.0775525
4.66667,0.0750085
4.73333,0.0756094
4.8,0.0764873
4.86667,0.0762102
4.93333,0.0761868
5,0.0757771
5.06667,0.0752114
5.13333,0.0746378
5.2,0.0741228
5.26667,0.0736546
5.33333,0.0747432
5.4,0.0752153
5.46667,0.0764366
5.53333,0.0772598
5.6,0.0773262
5.66667,0.0803501
5.73333,0.0841114
5.8,0.0855863
5.86667,0.0894842
5.93333,0.0921492
6,0.0930934
6.06667,0.0939713
6.13333,0.0944239
6.2,0.0953799
6.26667,0.0960939
6.33333,0.0941898
6.4,0.0942717
6.46667,0.0954696
6.53333,0.0953174
6.6,0.0958442
6.66667,0.0958364
6.73333,0.0960822
6.8,0.0963982
6.86667,0.0975493
6.93333,0.0969211
7,0.0969094
7.06667,0.0967299
7.13333,0.0966597
7.2,0.0971201
7.26667,0.0989695
7.33333,0.101439
7.4,0.103
7.46667,0.105259
7.53333,0.108115
7.6,0.108798
7.66667,0.110893
7.73333,0.111186
7.8,0.111756
7.86667,0.112727
7.93333,0.112602
8,0.111974
8.06667,0.111982
8.13333,0.11229
8.2,0.112528
8.26667,0.113203
8.33333,0.113254
8.4,0.113855
8.46667,0.113395
8.53333,0.112427
8.6,0.112755
8.66667,0.112454
8.73333,0.112415
8.8,0.111947
8.86667,0.111346
8.93333,0.111178
9,0.110866
9.06667,0.111315
9.13333,0.111241
9.2,0.111354
9.26667,0.112033
9.33333,0.111826
9.4,0.111877
9.46667,0.111568
9.53333,0.111892
9.6,0.112275
9.66667,0.112602
9.73333,0.112638
9.8,0.112759
9.86667,0.11327
9.93333,0.113398
10,0.113317
10.0667,0.112907
10.1333,0.111717
10.2,0.111943
10.2667,0.111022
10.3333,0.110609
10.4,0.110519
10.4667,0.108205
10.5333,0.108361
10.6,0.107912
10.6667,0.108357
10.7333,0.107909
10.8,0.108193
10.8667,0.107866
10.9333,0.106726
11,0.107042
11.0667,0.10657
11.1333,0.1062
11.2,0.106164
11.2667,0.105279
11.3333,0.101666
11.4,0.101666
11.4667,0.101393
11.5333,0.101514
11.6,0.101494
11.6667,0.101549
11.7333,0.101459
11.8,0.102165
11.8667,0.10167
11.9333,0.101385
12,0.101787
12.0667,0.102091
12.1333,0.101986
12.2,0.102114
12.2667,0.101724
12.3333,0.102419
12.4,0.102782
12.4667,0.101947
12.5333,0.101673
12.6,0.102103
12.6667,0.102528
12.7333,0.102512
12.8,0.102633
12.8667,0.102048
12.9333,0.102001
13,0.10211
13.0667,0.102403
13.1333,0.10259
13.2,0.102384
13.2667,0.102512
13.3333,0.102762
13.4,0.102949
13.4667,0.103105
13.5333,0.103312
13.6,0.10364
13.6667,0.103757
13.7333,0.103234
13.8,0.103398
13.8667,0.103484
13.9333,0.103183
14,0.103382
14.0667,0.10426
14.1333,0.104206
14.2,0.104077
14.2667,0.103687
14.3333,0.103706
14.4,0.103433
14.4667,0.103035
14.5333,0.102942
14.6,0.103293
14.6667,0.10167
14.7333,0.102138
14.8,0.102715
14.8667,0.101334
14.9333,0.101197
15,0.101424
15.0667,0.101498
15.1333,0.101486
15.2,0.101771
15.2667,0.101697
15.3333,0.101545
15.4,0.10156
15.4667,0.10165
15.5333,0.102329
15.6,0.102848
15.6667,0.10373
15.7333,0.103441
15.8,0.103187
15.8667,0.102368
15.9333,0.100963
16,0.100476
16.0667,0.0997889
16.1333,0.0996055
16.2,0.0996133
16.2667,0.0995665
16.3333,0.0980487
16.4,0.0984701
16.4667,0.0987666
16.5333,0.0990593
16.6,0.0986457
16.6667,0.0984935
16.7333,0.0983804
16.8,0.0981619
16.8667,0.0983218
16.9333,0.0982087
17,0.0982945
17.0667,0.0986769
17.1333,0.0988798
17.2,0.0987783
17.2667,0.0988954
17.3333,0.0990944
17.4,0.099469
17.4667,0.0996836
17.5333,0.0997772
17.6,0.0996914
17.6667,0.0996758
17.7333,0.0995314
17.8,0.0995548
17.8667,0.0994885
17.9333,0.0994924
18,0.098158
18.0667,0.0981814
18.1333,0.0983452
18.2,0.0982204
18.2667,0.0982048
18.3333,0.0983921
18.4,0.0986301
18.4667,0.0992973
18.5333,0.101869
18.6,0.102423
18.6667,0.104217
18.7333,0.106387
18.8,0.107179
18.8667,0.10833
18.9333,0.110527
19,0.111475
19.0667,0.113515
19.1333,0.115252
19.2,0.115022
19.2667,0.114768
19.3333,0.114038
19.4,0.113964
19.4667,0.113555
19.5333,0.113168
19.6,0.112919
19.6667,0.110382
19.7333,0.108837
19.8,0.107987
19.8667,0.106297
19.9333,0.104061
20,0.103425
20.0667,0.101693
20.1333,0.10037
20.2,0.0992349
20.2667,0.098396
20.3333,0.0981541
20.4,0.0983999
20.4667,0.0982282
20.5333,0.0991061
20.6,0.0992622
20.6667,0.0990944
20.7333,0.0998748
20.8,0.10014
20.8667,0.0998318
20.9333,0.0998943
21,0.0999957
21.0667,0.100355
21.1333,0.0998162
21.2,0.0994651
21.2667,0.0988174
21.3333,0.0966519
21.4,0.0967377
21.4667,0.0969874
21.5333,0.0971123
21.6,0.0971201
21.6667,0.0970537
21.7333,0.0973386
21.8,0.0971669
21.8667,0.0976741
21.9333,0.0980487
22,0.0978653
22.0667,0.0981462
22.1333,0.0979199
22.2,0.0979746
22.2667,0.0979746
22.3333,0.0979863
22.4,0.0978926
22.4667,0.0976039
22.5333,0.0977483
22.6,0.0980604
22.6667,0.0991217
22.7333,0.099426
22.8,0.0996523
22.8667,0.100171
22.9333,0.101549
23,0.102153
23.0667,0.102973
23.1333,0.103855
23.2,0.10451
23.2667,0.104132
23.3333,0.103527
23.4,0.103117
23.4667,0.102107
23.5333,0.101662
23.6,0.101572
23.6667,0.101646
23.7333,0.101802
23.8,0.1019
23.8667,0.102153
23.9333,0.102317
24,0.102231
24.0667,0.102516
24.1333,0.102739
24.2,0.102879
24.2667,0.103047
24.3333,0.103051
24.4,0.102996
24.4667,0.103117
24.5333,0.103047
24.6,0.103336
24.6667,0.103979
24.7333,0.103964
24.8,0.104202
24.8667,0.104498
24.9333,0.10453
25,0.104385
25.0667,0.104467
25.1333,0.104264
25.2,0.104459
25.2667,0.104264
25.3333,0.104358
25.4,0.1046
25.4667,0.104541
25.5333,0.104537
25.6,0.105205
25.6667,0.105739
25.7333,0.1073
25.8,0.10762
25.8667,0.107628
25.9333,0.107694
26,0.108307
26.0667,0.108826
26.1333,0.109263
26.2,0.109828
26.2667,0.11009
26.3333,0.109629
26.4,0.109739
26.4667,0.110804
26.5333,0.111455
26.6,0.112123
26.6667,0.112396
26.7333,0.112505
26.8,0.112337
26.8667,0.112958
26.9333,0.113508
27,0.113816
27.0667,0.114764
27.1333,0.115825
27.2,0.116742
27.2667,0.119423
27.3333,0.122556
27.4,0.124483
27.4667,0.127699
27.5333,0.13041
27.6,0.132229
27.6667,0.135003
27.7333,0.137012
27.8,0.138042
27.8667,0.140333
27.9333,0.142912
28,0.141706
28.0667,0.144227
28.1333,0.146396
28.2,0.147625
28.2667,0.150477
28.3333,0.154434
28.4,0.156034
28.4667,0.159253
28.5333,0.161875
28.6,0.162483
28.6667,0.163673
28.7333,0.165222
28.8,0.165854
28.8667,0.167439
28.9333,0.16818
29,0.168757
29.0667,0.170646
29.1333,0.171793
29.2,0.171266
29.2667,0.171395
29.3333,0.17246
29.4,0.17294
29.4667,0.173681
29.5333,0.174193
29.6,0.174875
29.6667,0.166818
29.7333,0.168504
29.8,0.168968
29.8667,0.170334
29.9333,0.17145
30,0.171703
30.0667,0.171535
30.1333,0.172917
30.2,0.17319
30.2667,0.174575
30.3333,0.1758
30.4,0.176206
30.4667,0.17731
30.5333,0.178067
30.6,0.178196
30.6667,0.178364
30.7333,0.178887
30.8,0.178567
30.8667,0.178504
30.9333,0.178645
31,0.179737
31.0667,0.179554
31.1333,0.179359
31.2,0.179187
31.2667,0.179452
31.3333,0.179046
31.4,0.179304
31.4667,0.178602
31.5333,0.17946
31.6,0.179745
31.6667,0.180229
31.7333,0.179842
31.8,0.179995
31.8667,0.180455
31.9333,0.180233
32,0.180279
32.0667,0.181349
32.1333,0.180962
32.2,0.180514
32.2667,0.181302
32.3333,0.182086
32.4,0.182141
32.4667,0.182987
32.5333,0.183237
32.6,0.182925
32.6667,0.182402
32.7333,0.182948
32.8,0.182472
32.8667,0.182718
32.9333,0.182585
33,0.180822
33.0667,0.18081
33.1333,0.181056
33.2,0.180954
33.2667,0.181189
33.3333,0.181313
33.4,0.182379
33.4667,0.186222
33.5333,0.189398
33.6,0.191778
33.6667,0.194864
33.7333,0.197814
33.8,0.199028
33.8667,0.201299
33.9333,0.203975
34,0.206047
34.0667,0.20925
34.1333,0.210757
34.2,0.21156
34.2667,0.214303
34.3333,0.216301
34.4,0.217195
34.4667,0.221003
34.5333,0.222879
34.6,0.224752
34.6667,0.231842
34.7333,0.234339
34.8,0.236243
34.8667,0.237578
34.9333,0.239423
35,0.241316
35.0667,0.243106
35.1333,0.244258
35.2,0.24471
35.2667,0.245241
35.3333,0.244636
35.4,0.244355
35.4667,0.24359
35.5333,0.242697
35.6,0.243032
35.6667,0.2443
35.7333,0.243953
35.8,0.244258
35.8667,0.243727
35.9333,0.243298
36,0.243497
36.0667,0.243739
36.1333,0.24489
36.2,0.245494
36.2667,0.245108
36.3333,0.240594
36.4,0.240812
36.4667,0.240079
36.5333,0.240492
36.6,0.239462
36.6667,0.238549
36.7333,0.238077
36.8,0.238366
36.8667,0.238015
36.9333,0.237191
37,0.236797
37.0667,0.236965
37.1333,0.236559
37.2,0.236723
37.2667,0.236032
37.3333,0.235412
37.4,0.234998
37.4667,0.234725
37.5333,0.234659
37.6,0.233844
37.6667,0.232638
37.7333,0.231963
37.8,0.2327
37.8667,0.232447
37.9333,0.233001
38,0.229076
38.0667,0.229267
38.1333,0.230831
38.2,0.230679
38.2667,0.233648
38.3333,0.236208
38.4,0.237753
38.4667,0.239474
38.5333,0.241717
38.6,0.242939
38.6667,0.244445
38.7333,0.246657
38.8,0.248276
38.8667,0.250879
38.9333,0.253165
39,0.254231
39.0667,0.25576
39.1333,0.257742
39.2,0.258558
39.2667,0.260204
39.3333,0.262073
39.4,0.262916
39.4667,0.264652
39.5333,0.266353
39.6,0.266989
39.6667,0.270404
39.7333,0.272393
39.8,0.274344
39.8667,0.27619
39.9333,0.278215
40,0.280572
40.0667,0.281473
40.1333,0.2828
40.2,0.283424
40.2667,0.284142
40.3333,0.28628
40.4,0.287938
40.4667,0.291103
40.5333,0.293736
40.6,0.296109
40.6667,0.299675
40.7333,0.302519
40.8,0.303905
40.8667,0.307006
40.9333,0.309742
41,0.311494
41.0667,0.313823
41.1333,0.315434
41.2,0.316667
41.2667,0.31801
41.3333,0.325747
41.4,0.326672
41.4667,0.328798
41.5333,0.330246
41.6,0.331728
41.6667,0.333469
41.7333,0.334912
41.8,0.336344
41.8667,0.338592
41.9333,0.340644
42,0.341779
42.0667,0.344924
42.1333,0.346825
42.2,0.347613
42.2667,0.349521
42.3333,0.35057
42.4,0.351331
42.4667,0.352463
42.5333,0.353419
42.6,0.354109
42.6667,0.354698
42.7333,0.35494
42.8,0.354488
42.8667,0.355104
42.9333,0.354585
43,0.352111
43.0667,0.352697
43.1333,0.352349
43.2,0.353512
43.2667,0.353048
43.3333,0.354476
43.4,0.355568
43.4667,0.357527
43.5333,0.359123
43.6,0.35986
43.6667,0.361289
43.7333,0.362549
43.8,0.362923
43.8667,0.362783
43.9333,0.363278
44,0.363926
44.0667,0.363735
44.1333,0.364496
44.2,0.365105
44.2667,0.365651
44.3333,0.365795
44.4,0.365943
44.4667,0.36665
44.5333,0.366931
44.6,0.367336
44.6667,0.364094
44.7333,0.364312
44.8,0.365089
44.8667,0.364917
44.9333,0.364964
45,0.365007
45.0667,0.365015
45.1333,0.365432
45.2,0.366041
45.2667,0.366326
45.3333,0.36713
45.4,0.367461
45.4667,0.367652
45.5333,0.368183
45.6,0.367949
45.6667,0.368386
45.7333,0.368538
45.8,0.368413
45.8667,0.368378
45.9333,0.368226
46,0.368632
46.0667,0.368043
46.1333,0.368214
46.2,0.368156
46.2667,0.368448
46.3333,0.363996
46.4,0.36466
46.4667,0.365612
46.5333,0.366045
46.6,0.366209
46.6667,0.366158
46.7333,0.365752
46.8,0.365647
46.8667,0.365772
46.9333,0.365959
47,0.366115
47.0667,0.366248
47.1333,0.365811
47.2,0.366021
47.2667,0.366103
47.3333,0.365951
47.4,0.36622
47.4667,0.366431
47.5333,0.367176
47.6,0.367481
47.6667,0.367231
47.7333,0.367621
47.8,0.367707
47.8667,0.367855
47.9333,0.367543
48,0.364324
48.0667,0.36439
48.1333,0.365085
48.2,0.365596
48.2667,0.365639
48.3333,0.366794
48.4,0.367391
48.4667,0.367356
48.5333,0.366794
48.6,0.366817
48.6667,0.36741
48.7333,0.367219
48.8,0.367309
48.8667,0.366743
48.9333,0.366166
49,0.366092
49.0667,0.365307
49.1333,0.364886
49.2,0.365026
49.2667,0.365163
49.3333,0.36537
49.4,0.364882
49.4667,0.364956
49.5333,0.364726
49.6,0.36496
49.6667,0.359993
49.7333,0.36034
49.8,0.361171
49.8667,0.361445
49.9333,0.361246
50,0.361265
50.0667,0.360403
50.1333,0.360633
50.2,0.360711
50.2667,0.360676
50.3333,0.360555
50.4,0.360508
50.4667,0.36091
50.5333,0.361437
50.6,0.361429
50.6667,0.361491
50.7333,0.36178
50.8,0.361491
50.8667,0.361394
50.9333,0.361199
51,0.361039
51.0667,0.36098
51.1333,0.36114
51.2,0.361152
51.2667,0.361121
51.3333,0.356778
51.4,0.357039
51.4667,0.357274
51.5333,0.357293
51.6,0.357332
51.6667,0.357925
51.7333,0.357956
51.8,0.358503
51.8667,0.358171
51.9333,0.358752
52,0.358799
52.0667,0.359193
52.1333,0.359388
52.2,0.359634
52.2667,0.359884
52.3333,0.359763
52.4,0.359763
52.4667,0.359279
52.5333,0.35931
52.6,0.359396
52.6667,0.360653
52.7333,0.361882
52.8,0.36233
52.8667,0.362775
52.9333,0.364231
53,0.359556
53.0667,0.361183
53.1333,0.363501
53.2,0.364699
53.2667,0.366205
53.3333,0.367926
53.4,0.368659
53.4667,0.369927
53.5333,0.371418
53.6,0.372225
53.6667,0.37361
53.7333,0.373829
53.8,0.374118
53.8667,0.374523
53.9333,0.375589
54,0.376463
54.0667,0.377957
54.1333,0.379842
54.2,0.38191
54.2667,0.385788
54.3333,0.38832
54.4,0.390029
54.4667,0.392542
54.5333,0.394353
54.6,0.395355
54.6667,0.401524
54.7333,0.40175
54.8,0.402581
54.8667,0.403865
54.9333,0.404903
55,0.406206
55.0667,0.407654
55.1333,0.409012
55.2,0.410014
55.2667,0.410284
55.3333,0.411236
55.4,0.412543
55.4667,0.412695
55.5333,0.412988
55.6,0.413042
55.6667,0.413237
55.7333,0.412773
55.8,0.412863
55.8667,0.41305
55.9333,0.413417
56,0.41367
56.0667,0.41408
56.1333,0.414669
56.2,0.414892
56.2667,0.415239
56.3333,0.412488
56.4,0.412941
56.4667,0.413378
56.5333,0.413577
56.6,0.413253
56.6667,0.413417
56.7333,0.413179
56.8,0.412917
56.8667,0.413253
56.9333,0.413237
57,0.413631
57.0667,0.413666
57.1333,0.413655
57.2,0.413842
57.2667,0.413206
57.3333,0.413175
57.4,0.413054
57.4667,0.413101
57.5333,0.413393
57.6,0.413616
57.6667,0.413873
57.7333,0.413549
57.8,0.413272
57.8667,0.413389
57.9333,0.413167
58,0.409628
58.0667,0.410026
58.1333,0.410545
58.2,0.410662
58.2667,0.410537
58.3333,0.411017
58.4,0.411087
58.4667,0.411064
58.5333,0.411177
58.6,0.411228
58.6667,0.409858
58.7333,0.41033
58.8,0.410701
58.8667,0.410912
58.9333,0.410689
59,0.410818
59.0667,0.411333
59.1333,0.411123
59.2,0.411216
59.2667,0.411848
59.3333,0.411825
59.4,0.411657
59.4667,0.411876
59.5333,0.412242
59.6,0.412929
59.6667,0.413097
59.7333,0.413507
59.8,0.413663
59.8667,0.414228
59.9333,0.414615
60,0.414923
60.0667,0.415063
60.1333,0.414704
60.2,0.414728
60.2667,0.414818
60.3333,0.411489
60.4,0.41161
60.4667,0.412426
60.5333,0.412593
60.6,0.41275
60.6667,0.413046
60.7333,0.413042
60.8,0.412812
60.8667,0.412504
60.9333,0.411645
61,0.411134
61.0667,0.409827
61.1333,0.408774
61.2,0.407525
61.2667,0.406866
61.3333,0.406702
61.4,0.406795
61.4667,0.40703
61.5333,0.407201
61.6,0.40724
61.6667,0.407322
61.7333,0.40699
61.8,0.407041
61.8667,0.40717
61.9333,0.406987
62,0.405297
62.0667,0.405687
62.1333,0.405929
62.2,0.406382
62.2667,0.406284
62.3333,0.406784
62.4,0.407033
62.4667,0.40852
62.5333,0.409663
62.6,0.410678
62.6667,0.411985
62.7333,0.41319
62.8,0.413553
62.8667,0.413616
62.9333,0.413397
63,0.413405
63.0667,0.413464
63.1333,0.413553
63.2,0.413202
63.2667,0.41328
63.3333,0.413343
63.4,0.413448
63.4667,0.413549
63.5333,0.413612
63.6,0.413585
63.6667,0.409484
63.7333,0.410108
63.8,0.410549
63.8667,0.410533
63.9333,0.41065
64,0.411025
64.0667,0.411173
64.1333,0.411349
64.2,0.411466
64.2667,0.411528
64.3333,0.411739
64.4,0.412059
64.4667,0.412153
64.5333,0.41216
64.6,0.41227
64.6667,0.412379
64.7333,0.41305
64.8,0.413214
64.8667,0.41369
64.9333,0.413854
65,0.414361
65.0667,0.414455
65.1333,0.414365
65.2,0.414642
65.2667,0.414427
65.3333,0.412215
65.4,0.412566
65.4667,0.413073
65.5333,0.413573
65.6,0.413776
65.6667,0.413994
65.7333,0.413639
65.8,0.413526
65.8667,0.413175
65.9333,0.41298
66,0.412847
66.0667,0.413132
66.1333,0.412781
66.2,0.412792
66.2667,0.412828
66.3333,0.413261
66.4,0.413066
66.4667,0.412792
66.5333,0.41282
66.6,0.412995
66.6667,0.413479
66.7333,0.414369
66.8,0.414658
66.8667,0.414767
66.9333,0.414884
67,0.411103
67.0667,0.411439
67.1333,0.411887
67.2,0.411759
67.2667,0.412496
67.3333,0.412227
67.4,0.408103
67.4667,0.40742
67.5333,0.407825
67.6,0.407334
67.6667,0.407412
67.7333,0.407467
67.8,0.407229
67.8667,0.407494
67.9333,0.407689
68,0.407357
68.0667,0.406678
68.1333,0.407096
68.2,0.407002
68.2667,0.406959
68.3333,0.406565
68.4,0.406749
68.4667,0.406655
68.5333,0.406827
68.6,0.406831
68.6667,0.40628
68.7333,0.406304
68.8,0.406066
68.8667,0.405898
68.9333,0.405832
69,0.405683
69.0667,0.403253
69.1333,0.403432
69.2,0.403705
69.2667,0.404267
69.3333,0.404392
69.4,0.404181
69.4667,0.404712
69.5333,0.404657
69.6,0.405203
69.6667,0.405133
69.7333,0.405488
69.8,0.405559
69.8667,0.405836
69.9333,0.405812
70,0.405953
70.0667,0.405703
70.1333,0.405492
70.2,0.405161
70.2667,0.405484
70.3333,0.405344
70.4,0.405434
70.4667,0.405402
70.5333,0.405543
70.6,0.405601
70.6667,0.405242
70.7333,0.405488
70.8,0.405566
70.8667,0.404407
70.9333,0.404489
71,0.404263
71.0667,0.404224
71.1333,0.404142
71.2,0.403931
71.2667,0.40406
71.3333,0.404228
71.4,0.404407
71.4667,0.404895
71.5333,0.40488
71.6,0.404973
71.6667,0.405438
71.7333,0.405293
71.8,0.40527
71.8667,0.40534
71.9333,0.405453
72,0.405184
72.0667,0.405281
72.1333,0.405227
72.2,0.405508
72.2667,0.405797
72.3333,0.40591
72.4,0.400338
72.4667,0.400779
72.5333,0.400939
72.6,0.401789
72.6667,0.402195
72.7333,0.403022
72.8,0.403732
72.8667,0.404142
72.9333,0.404197
73,0.404497
73.0667,0.404404
73.1333,0.404384
73.2,0.404486
73.2667,0.404989
73.3333,0.404876
73.4,0.404404
73.4667,0.404365
73.5333,0.404447
73.6,0.404341
73.6667,0.404056
73.7333,0.40401
73.8,0.404037
73.8667,0.404041
73.9333,0.404248
74,0.404142
74.0667,0.402566
74.1333,0.402429
74.2,0.402753
74.2667,0.402773
74.3333,0.403022
74.4,0.402777
74.4667,0.40225
74.5333,0.402277
74.6,0.40207
74.6667,0.402215
74.7333,0.402195
74.8,0.402468
74.8667,0.402503
74.9333,0.402589
75,0.40177
75.0667,0.401895
75.1333,0.402043
75.2,0.402281
75.2667,0.403061
75.3333,0.402917
75.4,0.402819
75.4667,0.402585
75.5333,0.402976
75.6,0.402757
75.6667,0.402851
75.7333,0.402215
75.8,0.40232
75.8667,0.401668
75.9333,0.402004
76,0.402406
76.0667,0.402901
76.1333,0.40273
76.2,0.40287
76.2667,0.402921
76.3333,0.40255
76.4,0.402792
76.4667,0.403217
76.5333,0.403701
76.6,0.404021
76.6667,0.404045
76.7333,0.403986
76.8,0.403803
76.8667,0.403487
76.9333,0.403522
77,0.403194
77.0667,0.403132
77.1333,0.403374
77.2,0.403167
77.2667,0.403783
77.3333,0.404056
77.4,0.402523
77.4667,0.4025
77.5333,0.402464
77.6,0.402515
77.6667,0.402164
77.7333,0.402398
77.8,0.402129
77.8667,0.402585
77.9333,0.402183
78,0.402687
78.0667,0.402574
78.1333,0.402492
78.2,0.402578
78.2667,0.403046
78.3333,0.403241
78.4,0.403256
78.4667,0.4031
78.5333,0.40305
78.6,0.402671
78.6667,0.402718
78.7333,0.403163
78.8,0.402956
78.8667,0.403175
78.9333,0.40344
79,0.403565
79.0667,0.399655
79.1333,0.400139
79.2,0.400264
79.2667,0.401103
79.3333,0.401142
79.4,0.401649
79.4667,0.401774
79.5333,0.402425
79.6,0.403061
79.6667,0.403514
79.7333,0.404049
79.8,0.404626
79.8667,0.404876
79.9333,0.404864
80,0.404294
80.0667,0.404407
80.1333,0.404407
80.2,0.404497
80.2667,0.404747
80.3333,0.404712
80.4,0.404813
80.4667,0.405161
80.5333,0.405399
80.6,0.405324
80.6667,0.40552
80.7333,0.402991
80.8,0.403487
80.8667,0.403693
80.9333,0.403541
81,0.403725
81.0667,0.403327
81.1333,0.403779
81.2,0.403986
81.2667,0.403974
81.3333,0.404283
81.4,0.403994
81.4667,0.404025
81.5333,0.404197
81.6,0.404443
81.6667,0.404478
81.7333,0.404688
81.8,0.405399
81.8667,0.405598
81.9333,0.406058
82,0.406148
82.0667,0.406483
82.1333,0.406222
82.2,0.406713
82.2667,0.407662
82.3333,0.407666
82.4,0.40541
82.4667,0.405055
82.5333,0.405539
82.6,0.405992
82.6667,0.407307
82.7333,0.407771
82.8,0.407939
82.8667,0.407884
82.9333,0.408032
83,0.407494
83.0667,0.407424
83.1333,0.407506
83.2,0.407872
83.2667,0.407767
83.3333,0.408103
83.4,0.407779
83.4667,0.407424
83.5333,0.407451
83.6,0.407135
83.6667,0.407533
83.7333,0.407572
83.8,0.407693
83.8667,0.407482
83.9333,0.407424
84,0.40715
84.0667,0.406031
84.1333,0.406105
84.2,0.406156
84.2667,0.406823
84.3333,0.406846
84.4,0.406819
84.4667,0.406979
84.5333,0.406717
84.6,0.407014
84.6667,0.407139
84.7333,0.407248
84.8,0.407291
84.8667,0.407638
84.9333,0.408079
85,0.40797
85.0667,0.408696
85.1333,0.409117
85.2,0.409718
85.2667,0.410061
85.3333,0.409936
85.4,0.409226
85.4667,0.408762
85.5333,0.408532
85.6,0.408516
85.6667,0.408313
85.7333,0.406799
85.8,0.407197
85.8667,0.408216
85.9333,0.408173
86,0.407431
86.0667,0.407755
86.1333,0.407892
86.2,0.408255
86.2667,0.408649
86.3333,0.408668
86.4,0.407997
86.4667,0.408114
86.5333,0.408461
86.6,0.408407
86.6667,0.40939
86.7333,0.409847
86.8,0.409609
86.8667,0.409538
86.9333,0.409269
87,0.409238
87.0667,0.409004
87.1333,0.408547
87.2,0.408898
87.2667,0.409125
87.3333,0.408727
87.4,0.406077
87.4667,0.405746
87.5333,0.405305
87.6,0.405414
87.6667,0.404946
87.7333,0.404591
87.8,0.404119
87.8667,0.404567
87.9333,0.40429
88,0.404638
88.0667,0.404774
88.1333,0.404958
88.2,0.404872
88.2667,0.404439
88.3333,0.404142
88.4,0.403924
88.4667,0.403877
88.5333,0.403959
88.6,0.403904
88.6667,0.404006
88.7333,0.403857
88.8,0.403912
88.8667,0.403857
88.9333,0.403803
89,0.404103
89.0667,0.401247
89.1333,0.401157
89.2,0.401235
89.2667,0.401957
89.3333,0.402312
89.4,0.402823
89.4667,0.403221
89.5333,0.403467
89.6,0.403729
89.6667,0.404154
89.7333,0.404431
89.8,0.404923
89.8667,0.405219
89.9333,0.405133
90,0.405863
90.0667,0.406179
90.1333,0.40669
90.2,0.407455
90.2667,0.407915
90.3333,0.408489
90.4,0.409168
90.4667,0.409476
90.5333,0.409983
90.6,0.410065
90.6667,0.41028
90.7333,0.405925
90.8,0.406612
90.8667,0.4071
90.9333,0.407431
91,0.407513
91.0667,0.40781
91.1333,0.407357
91.2,0.407006
91.2667,0.406768
91.3333,0.406686
91.4,0.406553
91.4667,0.404766
91.5333,0.404716
91.6,0.404232
91.6667,0.404088
91.7333,0.403596
91.8,0.402925
91.8667,0.402445
91.9333,0.402055
92,0.401821
92.0667,0.400572
92.1333,0.400006
92.2,0.3996
92.2667,0.399202
92.3333,0.399538
92.4,0.394801
92.4667,0.394891
92.5333,0.395086
92.6,0.395063
92.6667,0.394918
92.7333,0.39491
92.8,0.394606
92.8667,0.394466
92.9333,0.393779
93,0.393088
93.0667,0.392975
93.1333,0.393225
93.2,0.392967
93.2667,0.392862
93.3333,0.392963
93.4,0.392944
93.4667,0.393572
93.5333,0.393443
93.6,0.393525
93.6667,0.393814
93.7333,0.393717
93.8,0.393498
93.8667,0.393685
93.9333,0.39367
94,0.393994
94.0667,0.391219
94.1333,0.39184
94.2,0.392526
94.2667,0.393334
94.3333,0.394407
94.4,0.395394
94.4667,0.395671
94.5333,0.396194
94.6,0.396206
94.6667,0.39667
94.7333,0.39715
94.8,0.399171
94.8667,0.400123
94.9333,0.400615
95,0.402937
95.0667,0.404439
95.1333,0.405387
95.2,0.407076
95.2667,0.409012
95.3333,0.409464
95.4,0.411918
95.4667,0.413725
95.5333,0.414427
95.6,0.416663
95.6667,0.418911
95.7333,0.418852
95.8,0.421228
95.8667,0.423035
95.9333,0.423472
96,0.425477
96.0667,0.427124
96.1333,0.427639
96.2,0.429051
96.2667,0.430807
96.3333,0.430909
96.4,0.432906
96.4667,0.434896
96.5333,0.435286
96.6,0.436968
96.6667,0.43856
96.7333,0.439317
96.8,0.441186
96.8667,0.442458
96.9333,0.444069
97,0.443738
97.0667,0.445833
97.1333,0.445673
97.2,0.446364
97.2667,0.446594
97.3333,0.448069
97.4,0.439969
97.4667,0.440386
97.5333,0.441853
97.6,0.44419
97.6667,0.444471
97.7333,0.44476
97.8,0.445642
97.8667,0.447874
97.9333,0.446809
98,0.447316
98.0667,0.44753
98.1333,0.450422
98.2,0.452642
98.2667,0.450827
98.3333,0.448709
98.4,0.449099
98.4667,0.445431
98.5333,0.443945
98.6,0.441779
98.6667,0.4395
98.7333,0.437175
98.8,0.434619
98.8667,0.432887
98.9333,0.433687
99,0.431748
99.0667,0.425774
99.1333,0.426199
99.2,0.423117
99.2667,0.419671
99.3333,0.418259
99.4,0.418509
99.4667,0.417303
99.5333,0.41591
99.6,0.416437
99.6667,0.418384
99.7333,0.418606
99.8,0.41804
99.8667,0.417736
99.9333,0.417939
100,0.418142
100.067,0.420358
100.133,0.419258
100.2,0.420315
100.267,0.417818
100.333,0.420963
100.4,0.421942
100.467,0.422684
100.533,0.422754
100.6,0.426207
100.667,0.426726
100.733,0.420346
100.8,0.421529
100.867,0.421934
100.933,0.422114
101,0.422773
101.067,0.405586
101.133,0.404864
101.2,0.403475
101.267,0.399425
101.333,0.398972
101.4,0.394423
101.467,0.375456
101.533,0.373349
101.6,0.370231
101.667,0.36718
101.733,0.365315
101.8,0.361936
101.867,0.362381
101.933,0.361651
102,0.359864
102.067,0.356126
102.133,0.355635
102.2,0.357063
102.267,0.353926
102.333,0.356868
102.4,0.351003
102.467,0.351448
102.533,0.351616
102.6,0.349322
102.667,0.347461
102.733,0.349255
102.8,0.34778
102.867,0.346329
102.933,0.347468
103,0.347617
103.067,0.348241
103.133,0.346606
103.2,0.346945
103.267,0.346692
103.333,0.333359
103.4,0.333305
103.467,0.333117
103.533,0.333535
103.6,0.333839
103.667,0.335139
103.733,0.337234
103.8,0.338615
103.867,0.339395
103.933,0.339341
104,0.340152
104.067,0.336902
104.133,0.337815
104.2,0.335767
104.267,0.336633
104.333,0.336828
104.4,0.338541
104.467,0.340293
104.533,0.340347
104.6,0.341975
104.667,0.343574
104.733,0.342427
104.8,0.341651
104.867,0.340152
104.933,0.342454
105,0.345869
105.067,0.346052
105.133,0.346879
105.2,0.351054
105.267,0.353758
105.333,0.354
105.4,0.356965
105.467,0.360048
105.533,0.361386
105.6,0.3613
105.667,0.363606
105.733,0.36132
105.8,0.364145
105.867,0.366685
105.933,0.366103
106,0.366958
106.067,0.366228
106.133,0.362923
106.2,0.357473
106.267,0.352525
106.333,0.352904
106.4,0.349205
106.467,0.349212
106.533,0.35185
106.6,0.353348
106.667,0.35274
106.733,0.35521
106.8,0.356556
106.867,0.361655
106.933,0.365054
107,0.367422
107.067,0.369923
107.133,0.372342
107.2,0.375452
107.267,0.37441
107.333,0.376221
107.4,0.370313
107.467,0.369322
107.533,0.368206
107.6,0.363048
107.667,0.360773
107.733,0.359111
107.8,0.355869
107.867,0.351823
107.933,0.349946
108,0.341756
108.067,0.334245
108.133,0.333219
108.2,0.327105
108.267,0.321763
108.333,0.31959
108.4,0.317932
108.467,0.309281
108.533,0.306257
108.6,0.30209
108.667,0.297506
108.733,0.296366
108.8,0.295196
108.867,0.289878
108.933,0.2877
109,0.282815
109.067,0.276295
109.133,0.27658
109.2,0.27443
109.267,0.276685
109.333,0.275995
109.4,0.27109
109.467,0.268425
109.533,0.266287
109.6,0.263689
109.667,0.261117
109.733,0.263392
109.8,0.259205
109.867,0.256751
109.933,0.256427
110,0.254336
110.067,0.25805
110.133,0.259361
110.2,0.25871
110.267,0.25759
110.333,0.258499
110.4,0.260836
110.467,0.262452
110.533,0.26134
110.6,0.264044
110.667,0.264922
110.733,0.2588
110.8,0.258128
110.867,0.262179
110.933,0.262783
111,0.263318
111.067,0.267622
111.133,0.269413
111.2,0.269963
111.267,0.271153
111.333,0.273193
111.4,0.273279
111.467,0.273802
111.533,0.274875
111.6,0.278192
111.667,0.281613
111.733,0.284368
111.8,0.286881
111.867,0.28866
111.933,0.290869
112,0.293296
112.067,0.296912
112.133,0.297611
112.2,0.299086
112.267,0.299714
112.333,0.300471
112.4,0.296015
112.467,0.298286
112.533,0.299031
112.6,0.304494
112.667,0.30481
112.733,0.307073
112.8,0.315567
112.867,0.323812
112.933,0.329454
113,0.334409
113.067,0.335708
113.133,0.33604
113.2,0.338081
113.267,0.339056
113.333,0.337526
113.4,0.333664
113.467,0.333394
113.533,0.330097
113.6,0.326129
113.667,0.327514
113.733,0.326012
113.8,0.323542
113.867,0.320319
113.933,0.317315
114,0.308836
114.067,0.294025
114.133,0.291544
114.2,0.285621
114.267,0.281251
114.333,0.278855
114.4,0.274883
114.467,0.273084
114.533,0.273244
114.6,0.271929
114.667,0.267692
114.733,0.267255
114.8,0.263716
114.867,0.264371
114.933,0.264434
115,0.265565
115.067,0.264266
115.133,0.262502
115.2,0.263985
115.267,0.26484
115.333,0.265944
115.4,0.258932
115.467,0.249178
115.533,0.248827
115.6,0.241323
115.667,0.240652
115.733,0.232252
115.8,0.232845
115.867,0.228127
115.933,0.228042
116,0.228724
116.067,0.226336
116.133,0.224834
116.2,0.223742
116.267,0.22215
116.333,0.221249
116.4,0.220464
116.467,0.219044
116.533,0.215341
116.6,0.215205
116.667,0.213039
116.733,0.21286
116.8,0.212364
116.867,0.211194
116.933,0.210554
117,0.209602
117.067,0.208696
117.133,0.207424
117.2,0.205953
117.267,0.202668
117.333,0.201416
117.4,0.201092
117.467,0.197229
117.533,0.194822
117.6,0.19449
117.667,0.193148
117.733,0.193647
117.8,0.198497
117.867,0.201018
117.933,0.203082
118,0.204986
118.067,0.208595
118.133,0.211186
118.2,0.214881
118.267,0.214268
118.333,0.21245
118.4,0.211993
118.467,0.209586
118.533,0.208638
118.6,0.205068
118.667,0.200705
118.733,0.200534
118.8,0.196195
118.867,0.190147
118.933,0.188204
119,0.183237
119.067,0.18024
119.133,0.179963
119.2,0.177661
119.267,0.174602
119.333,0.172991
119.4,0.170271
119.467,0.167259
119.533,0.164871
119.6,0.162241
119.667,0.158784
119.733,0.15727
119.8,0.155831
119.867,0.153115
119.933,0.154446
120,0.152233
120.067,0.151422
120.133,0.15237
120.2,0.153462
120.267,0.154664
120.333,0.15516
120.4,0.155257
120.467,0.15484
120.533,0.155971
120.6,0.156065
120.667,0.156112
120.733,0.152776
120.8,0.151995
120.867,0.149545
120.933,0.148448
121,0.144664
121.067,0.139435
121.133,0.13734
121.2,0.134293
121.267,0.133286
121.333,0.134484
121.4,0.136583
121.467,0.138436
121.533,0.141792
121.6,0.143774
121.667,0.144496
121.733,0.14551
121.8,0.14512
121.867,0.144504
121.933,0.146088
122,0.145522
122.067,0.145588
122.133,0.143993
122.2,0.143267
122.267,0.140547
122.333,0.139283
122.4,0.137043
122.467,0.136302
122.533,0.135093
122.6,0.134035
122.667,0.132927
122.733,0.13249
122.8,0.131054
122.867,0.125635
122.933,0.125143
123,0.122068
123.067,0.119411
123.133,0.119907
123.2,0.1173
123.267,0.11533
123.333,0.115271
123.4,0.113078
123.467,0.111053
123.533,0.110655
123.6,0.106402
123.667,0.103585
123.733,0.104693
123.8,0.10737
123.867,0.10943
123.933,0.109434
124,0.108751
124.067,0.10705
124.133,0.107616
124.2,0.106235
124.267,0.103386
124.333,0.101498
124.4,0.0994338
124.467,0.094104
124.533,0.0951419
124.6,0.0977053
124.667,0.100682
124.733,0.101775
124.8,0.100784
124.867,0.100374
124.933,0.102583
125,0.102349
125.067,0.10515
125.133,0.105782
125.2,0.107483
125.267,0.109489
125.333,0.111857
125.4,0.11144
125.467,0.111736
125.533,0.113519
125.6,0.114936
125.667,0.120917
125.733,0.122728
125.8,0.127367
125.867,0.136587
125.933,0.140618
126,0.146271
126.067,0.151152
126.133,0.150212
126.2,0.14974
126.267,0.151008
126.333,0.151718
126.4,0.151418
126.467,0.149978
126.533,0.151445
126.6,0.153177
126.667,0.157481
126.733,0.160068
126.8,0.16827
126.867,0.174965
126.933,0.177642
127,0.184478
127.067,0.191848
127.133,0.19367
127.2,0.194716
127.267,0.196722
127.333,0.198345
127.4,0.19568
127.467,0.196125
127.533,0.196749
127.6,0.194111
127.667,0.191903
127.733,0.190292
127.8,0.187857
127.867,0.186409
127.933,0.185707
128,0.181559
128.067,0.17738
128.133,0.175952
128.2,0.173502
128.267,0.170704
128.333,0.166549
128.4,0.16303
128.467,0.161843
128.533,0.158507
128.6,0.158414
128.667,0.157087
128.733,0.157813
128.8,0.159132
128.867,0.156369
128.933,0.155444
129,0.152768
129.067,0.143712
129.133,0.141226
129.2,0.138432
129.267,0.139876
129.333,0.139494
129.4,0.139447
129.467,0.136665
129.533,0.136848
129.6,0.134831
129.667,0.13217
129.733,0.128097
129.8,0.120781
129.867,0.113293
129.933,0.110265
130,0.102653
130.067,0.094978
130.133,0.0933665
130.2,0.0895974
130.267,0.0822268
130.333,0.0797765
130.4,0.074989
130.467,0.072207
130.533,0.0695655
130.6,0.0644892
130.667,0.0606654
130.733,0.0586755
130.8,0.0566543
130.867,0.0540518
130.933,0.0525106
131,0.0499901
131.067,0.0464823
131.133,0.0453157
131.2,0.0416402
131.267,0.0392835
131.333,0.038109
131.4,0.0355689
131.467,0.0317608
131.533,0.0304771
131.6,0.026587
131.667,0.0214834
131.733,0.0192438
131.8,0.01526
131.867,0.0130672
131.933,0.0116235
132,0.0115533
132.067,0.0119825
132.133,0.012279
132.2,0.0120839
132.267,0.0125755
132.333,0.0120839
132.4,0.0118927
132.467,0.0119396
132.533,0.0117835
132.6,0.0109329
132.667,0.0113231
132.733,0.0116976
132.8,0.0122088
132.867,0.0113192
132.933,0.0111319
133,0.011643
133.067,0.0116625
133.133,0.0117679
133.2,0.0120332
133.267,0.0131647
133.333,0.0131686
133.4,0.0154473
133.467,0.0257871
133.533,0.031593
133.6,0.0432711
133.667,0.0562993
133.733,0.0630104
133.8,0.0727923
133.867,0.0789532
133.933,0.0820864
134,0.0833857
134.067,0.0835105
134.133,0.0807988
134.2,0.0765965
134.267,0.0766277
134.333,0.0788011
134.4,0.0803891
134.467,0.0833623
134.533,0.0818133
134.6,0.0760581
134.667,0.0702288
134.733,0.0652032
134.8,0.0587457
134.867,0.0548985
134.933,0.0570718
135,0.0671658
135.067,0.0769945
135.133,0.0810368
135.2,0.0889926
135.267,0.0982204
135.333,0.101849
135.4,0.107694
135.467,0.108439
135.533,0.105688
135.6,0.104756
135.667,0.104892
135.733,0.100682
135.8,0.101104
135.867,0.102641
135.933,0.103972
136,0.10879
136.067,0.118053
136.133,0.120078
136.2,0.123403
136.267,0.1213
136.333,0.118607
136.4,0.116707
136.467,0.114799
136.533,0.113406
136.6,0.110905
136.667,0.10954
136.733,0.108256
136.8,0.10593
136.867,0.10307
136.933,0.0973347
137,0.0904987
137.067,0.0862925
137.133,0.0847591
137.2,0.0765614
137.267,0.0684066
137.333,0.0665845
137.4,0.0591164
137.467,0.0541494
137.533,0.0521048
137.6,0.0456981
137.667,0.0443324
137.733,0.043158
137.8,0.0435325
137.867,0.0435364
137.933,0.0438915
138,0.0412461
138.067,0.0417338
138.133,0.0414412
138.2,0.0398297
138.267,0.037832
138.333,0.0366458
138.4,0.0348939
138.467,0.0333761
138.533,0.0326855
138.6,0.0305668
138.667,0.0265948
138.733,0.0248975
138.8,0.0206601
138.867,0.0171524
138.933,0.0157789
139,0.0154317
139.067,0.0155682
139.133,0.015139
139.2,0.015061
139.267,0.0148503
139.333,0.0143899
139.4,0.0138944
139.467,0.0135783
139.533,0.0137539
139.6,0.0139061
139.667,0.014546
139.733,0.014823
139.8,0.014944
139.867,0.0150961
139.933,0.0158141
140,0.0175972
140.067,0.0209996
140.133,0.0229505
140.2,0.0278512
140.267,0.0335322
140.333,0.0367785
140.4,0.0413944
140.467,0.0470676
140.533,0.0503373
140.6,0.0571304
140.667,0.0653944
140.733,0.0693352
140.8,0.0789142
140.867,0.0870924
140.933,0.0902451
141,0.0978809
141.067,0.104483
141.133,0.110972
141.2,0.117772
141.267,0.12739
141.333,0.131838
141.4,0.139416
141.467,0.145187
141.533,0.149732
141.6,0.157645
141.667,0.16212
141.733,0.16509
141.8,0.172882
141.867,0.180943
141.933,0.18266
142,0.180822
142.067,0.182269
142.133,0.181341
142.2,0.179327
142.267,0.18113
142.333,0.180689
142.4,0.178574
142.467,0.178457
142.533,0.178449
142.6,0.179511
142.667,0.178793
142.733,0.179238
142.8,0.180533
142.867,0.182078
142.933,0.182223
143,0.182113
143.067,0.181536
143.133,0.180252
143.2,0.178664
143.267,0.179421
143.333,0.180166
143.4,0.18074
143.467,0.18131
143.533,0.18207
143.6,0.1812
143.667,0.185094
143.733,0.189347
143.8,0.195555
143.867,0.201373
143.933,0.202688
144,0.202461
144.067,0.199492
144.133,0.199543
144.2,0.194837
144.267,0.190619
144.333,0.187486
144.4,0.182429
144.467,0.175757
144.533,0.173303
144.6,0.17047
144.667,0.166541
144.733,0.163888
144.8,0.159842
144.867,0.15379
144.933,0.152627
145,0.146603
145.067,0.138511
145.133,0.134835
145.2,0.125873
145.267,0.115681
145.333,0.112396
145.4,0.107035
145.467,0.102532
145.533,0.100792
145.6,0.09911
145.667,0.0943927
145.733,0.0924457
145.8,0.0860506
145.867,0.0815479
145.933,0.0791366
146,0.07344
146.067,0.0673882
146.133,0.0642902
146.2,0.0564632
146.267,0.0500603
146.333,0.0467789
146.4,0.0410822
146.467,0.0362908
146.533,0.0352607
146.6,0.0307697
146.667,0.0271293
146.733,0.0257403
146.8,0.0211478
146.867,0.0160365
146.933,0.0150142
147,0.0147879
147.067,0.0139919
147.133,0.0138475
147.2,0.013512
147.267,0.0136017
147.333,0.0130945
147.4,0.0126692
147.467,0.0118303
147.533,0.0107846
147.6,0.00950872
147.667,0.00783875
147.733,0.00704278
147.8,0.00639507
147.867,0.0053845
147.933,0.00513479
148,0.00532208
148.067,0.00584492
148.133,0.00615316
148.2,0.00643409
148.267,0.00683988
148.333,0.00707009
148.4,0.00706228
148.467,0.00744466
148.533,0.00767487
148.6,0.00782704
148.667,0.00726518
148.733,0.00694133
148.8,0.00685159
148.867,0.00698425
148.933,0.00703887
149,0.00739004
149.067,0.00740955
149.133,0.00772949
149.2,0.0081704
149.267,0.00889614
149.333,0.00909903
149.4,0.00939167
149.467,0.00913025
149.533,0.0090405
149.6,0.00934485
149.667,0.010332
149.733,0.0105583
149.8,0.0109758
149.867,0.0102813
149.933,0.00962578
150,0.0100784
150.067,0.0101993
150.133,0.0107222
150.2,0.0114362
150.267,0.0122751
150.333,0.0122478
150.4,0.0120098
150.467,0.0121385
150.533,0.0125638
150.6,0.0134769
150.667,0.0132818
150.733,0.0130906
150.8,0.0126926
150.867,0.0121542
150.933,0.0120137
151,0.0118342
151.067,0.0121346
151.133,0.0133442
151.2,0.0171641
151.267,0.0239962
151.333,0.0270786
151.4,0.0337858
151.467,0.0355221
151.533,0.0357523
151.6,0.0374613
151.667,0.0408364
151.733,0.0411407
151.8,0.0424986
151.867,0.041488
151.933,0.041129
152,0.0421084
152.067,0.0443402
152.133,0.0470481
152.2,0.0508484
152.267,0.0539816
152.333,0.0543874
152.4,0.0549454
152.467,0.0554058
152.533,0.0564866
152.6,0.0584258
152.667,0.0580863
152.733,0.0582775
152.8,0.0585311
152.867,0.0574035
152.933,0.0563851
153,0.0567636
153.067,0.0577
153.133,0.0578717
153.2,0.0587028
153.267,0.0607122
153.333,0.0638103
153.4,0.0678526
153.467,0.0689334
153.533,0.0685159
153.6,0.0689529
153.667,0.0701039
153.733,0.0699166
153.8,0.0688475
153.867,0.0674156
153.933,0.0667913
154,0.0666781
154.067,0.0641927
154.133,0.0622613
154.2,0.0574074
154.267,0.0533339
154.333,0.0512933
154.4,0.0461663
154.467,0.0405633
154.533,0.0386631
154.6,0.0371102
154.667,0.0362869
154.733,0.0365054
154.8,0.0348393
154.867,0.0311482
154.933,0.0297669
155,0.0297435
155.067,0.0292441
155.133,0.0292675
155.2,0.0298684
155.267,0.0300167
155.333,0.0299659
155.4,0.0296811
155.467,0.0285418
155.533,0.0281906
155.6,0.0276834
155.667,0.027024
155.733,0.0236918
155.8,0.0213546
155.867,0.0204806
155.933,0.0197822
156,0.0203909
156.067,0.019552
156.133,0.0191033
156.2,0.0185531
156.267,0.0185453
156.333,0.0184985
156.4,0.0178742
156.467,0.0175387
156.533,0.017047
156.6,0.0161067
156.667,0.014745
156.733,0.0149322
156.8,0.0139646
156.867,0.0131257
156.933,0.0132076
157,0.0122127
157.067,0.0113387
157.133,0.0103359
157.2,0.009895
157.267,0.00957896
157.333,0.00971942
157.4,0.00875567
157.467,0.00901319
157.533,0.009021
157.6,0.00911464
157.667,0.00926681
157.733,0.00909513
157.8,0.00869324
157.867,0.00850596
157.933,0.00886102
158,0.00840841
158.067,0.00941508
158.133,0.00982867
158.2,0.0101837
158.267,0.00987159
158.333,0.00913805
158.4,0.00894686
158.467,0.00845523
158.533,0.00873616
158.6,0.00828745
158.667,0.008385
158.733,0.00825624
158.8,0.00782704
158.867,0.00742125
158.933,0.0100043
159,0.0166803
159.067,0.0265362
159.133,0.031515
159.2,0.0374496
159.267,0.0449216
159.333,0.0461546
159.4,0.0460804
159.467,0.0477114
159.533,0.0486907
159.6,0.0491317
159.667,0.0499354
159.733,0.0501656
159.8,0.0493033
159.867,0.0488546
159.933,0.0485074
160,0.0476568
160.067,0.04729
160.133,0.0472588
160.2,0.0455459
160.267,0.0437159
160.333,0.0439305
160.4,0.0455342
160.467,0.0479884
160.533,0.0480118
160.6,0.0477582
160.667,0.0471612
160.733,0.0458151
160.8,0.0476295
160.867,0.0498535
160.933,0.049951
161,0.0478441
161.067,0.04443
161.133,0.0437198
161.2,0.0420069
161.267,0.0417884
161.333,0.0408871
161.4,0.0400638
161.467,0.0352022
161.533,0.0323577
161.6,0.0277926
161.667,0.0243551
161.733,0.0222755
161.8,0.0190877
161.867,0.0152483
161.933,0.0139958
162,0.0112411
162.067,0.00873226
162.133,0.00757732
162.2,0.00823673
162.267,0.0163603
162.333,0.0207538
162.4,0.0257637
162.467,0.0278004
162.533,0.0282491
162.6,0.0293573
162.667,0.0309219
162.733,0.0308399
162.8,0.0318076
162.867,0.0321197
162.933,0.0322719
163,0.0321822
163.067,0.0321002
163.133,0.0316203
163.2,0.0321471
163.267,0.0320651
163.333,0.0316671
163.4,0.0298957
163.467,0.0274532
163.533,0.0274727
163.6,0.0250379
163.667,0.0259627
163.733,0.0271644
163.8,0.0305317
163.867,0.0335244
163.933,0.035366
164,0.0380622
164.067,0.0414061
164.133,0.0436808
164.2,0.0443558
164.267,0.0428263
164.333,0.0404618
164.4,0.0362908
164.467,0.0311131
164.533,0.0289827
164.6,0.025116
164.667,0.0225096
164.733,0.020941
164.8,0.0182059
164.867,0.0143353
164.933,0.0140621
165,0.0137851
165.067,0.0137773
165.133,0.013949
165.2,0.0145304
165.267,0.0141987
165.333,0.0142728
165.4,0.0130243
165.467,0.0117601
165.533,0.0120761
165.6,0.0129774
165.667,0.013352
165.733,0.012716
165.8,0.0131452
165.867,0.0135978
165.933,0.0138592
166,0.0138553
166.067,0.0142221
166.133,0.0141519
166.2,0.014308
166.267,0.014663
166.333,0.0147801
166.4,0.0146552
166.467,0.0150532
166.533,0.0154941
166.6,0.015736
166.667,0.0166686
166.733,0.0166881
166.8,0.016731
166.867,0.0165788
166.933,0.0166061
167,0.0158219
167.067,0.0159701
167.133,0.0156541
167.2,0.0161106
167.267,0.0201919
167.333,0.0231768
167.4,0.0293807
167.467,0.0347262
167.533,0.0369736
167.6,0.0429746
167.667,0.0478597
167.733,0.0482459
167.8,0.0491551
167.867,0.0489053
167.933,0.0493697
168,0.0505285
168.067,0.0501968
168.133,0.0506065
168.2,0.0514844
168.267,0.0520931
168.333,0.052058
168.4,0.0532286
168.467,0.0538958
168.533,0.0545396
168.6,0.0555228
168.667,0.0554409
168.733,0.0559247
168.8,0.0571265
168.867,0.0564241
168.933,0.0566934
169,0.0561549
169.067,0.0548049
169.133,0.0537475
169.2,0.0531505
169.267,0.0547542
169.333,0.0553433
169.4,0.0542742
169.467,0.0548985
169.533,0.0552575
169.6,0.0546254
169.667,0.0552302
169.733,0.0559949
169.8,0.0567012
169.867,0.0579888
169.933,0.059331
170,0.0617189
170.067,0.0611024
170.133,0.0606927
170.2,0.0573294
170.267,0.0548712
170.333,0.0541533
170.4,0.0530101
170.467,0.0514571
170.533,0.0494048
170.6,0.0444027
170.667,0.0396971
170.733,0.0388621
170.8,0.0340745
170.867,0.0296421
170.933,0.027578
171,0.0237074
171.067,0.0198524
171.133,0.0178352
171.2,0.0159194
171.267,0.0124429
171.333,0.0111397
171.4,0.00846694
171.467,0.00781143
171.533,0.00762415
171.6,0.00721836
171.667,0.00713642
171.733,0.00715983
171.8,0.00721836
171.867,0.00707009
171.933,0.0070896
172,0.0071052
172.067,0.00704278
172.133,0.00701156
172.2,0.00690231
172.267,0.00694913
172.333,0.00690621
172.4,0.00671502
172.467,0.00676575
172.533,0.00681647
172.6,0.00691011
172.667,0.00703107
172.733,0.00705838
172.8,0.00711301
172.867,0.00705448
172.933,0.00698815
173,0.00704278
173.067,0.006875
173.133,0.006875
173.2,0.00678526
173.267,0.00674234
173.333,0.00675404
173.4,0.00676965
173.467,0.00676575
173.533,0.00679306
173.6,0.00683988
173.667,0.006875
173.733,0.00685159
173.8,0.00691011
173.867,0.00686719
173.933,0.00690231
174,0.0068867
174.067,0.00701546
174.133,0.00697644
174.2,0.00691402
174.267,0.00691402
174.333,0.00692962
174.4,0.00696474
174.467,0.00697644
174.533,0.00702717
174.6,0.00700376
174.667,0.00701546
174.733,0.00698815
174.8,0.00711301
174.867,0.00716373
174.933,0.00717934
175,0.00815089
175.067,0.0134066
175.133,0.0164891
175.2,0.0224627
175.267,0.0257403
175.333,0.0264621
175.4,0.0285535
175.467,0.0299074
175.533,0.0301571
175.6,0.0313862
175.667,0.0315774
175.733,0.0314369
175.8,0.0312926
175.867,0.0336141
175.933,0.0360372
176,0.0425883
176.067,0.0505168
176.133,0.0525574
176.2,0.0590462
176.267,0.0670059
176.333,0.0721836
176.4,0.0792771
176.467,0.0849308
176.533,0.0850244
176.6,0.0872563
176.667,0.0898549
176.733,0.0897534
176.8,0.0920594
176.867,0.0931675
176.933,0.0953096
177,0.0967845
177.067,0.100956
177.133,0.102906
177.2,0.106746
177.267,0.108069
177.333,0.10984
177.4,0.113274
177.467,0.114432
177.533,0.116075
177.6,0.115939
177.667,0.112692
177.733,0.110515
177.8,0.10689
177.867,0.102481
177.933,0.101951
178,0.100671
178.067,0.0988213
178.133,0.097998
178.2,0.093585
178.267,0.0912517
178.333,0.0901592
178.4,0.0894686
178.467,0.0933002
178.533,0.0943927
178.6,0.0958832
178.667,0.0969484
178.733,0.0965192
178.8,0.0944083
178.867,0.0938738
178.933,0.092313
179,0.0921765
179.067,0.0898237
179.133,0.0889497
179.2,0.0895466
179.267,0.0883956
179.333,0.0878962
179.4,0.0859141
179.467,0.0827341
179.533,0.0805959
179.6,0.0788869
179.667,0.0761205
179.733,0.0748641
179.8,0.0718558
179.867,0.0702444
179.933,0.067517
180,0.0622027
180.067,0.057185
180.133,0.0543952
180.2,0.049553
180.267,0.0447889
180.333,0.0432672
180.4,0.0418704
180.467,0.0383158
180.533,0.0360333
180.6,0.0314369
180.667,0.02869
180.733,0.0276014
180.8,0.0281399
180.867,0.0282843
180.933,0.0283428
181,0.0280697
181.067,0.0291466
181.133,0.0292324
181.2,0.0290607
181.267,0.0289671
181.333,0.0286315
181.4,0.0283896
181.467,0.0282804
181.533,0.0281789
181.6,0.0278668
181.667,0.0278043
181.733,0.0277419
181.8,0.0284325
181.867,0.0288422
181.933,0.0309687
182,0.0343555
182.067,0.0378398
182.133,0.0398219
182.2,0.0429005
182.267,0.0454952
182.333,0.0458424
182.4,0.046494
182.467,0.0477192
182.533,0.0480157
182.6,0.0474422
182.667,0.0478089
182.733,0.0481172
182.8,0.0479377
182.867,0.0474968
182.933,0.0476099
183,0.0462677
183.067,0.0454678
183.133,0.0454054
183.2,0.0460921
183.267,0.0452532
183.333,0.0455147
183.4,0.0448787
183.467,0.0446992
183.533,0.0449606
183.6,0.0460804
183.667,0.04745
183.733,0.0476919
183.8,0.0484722
183.867,0.0494048
183.933,0.0503022
184,0.051504
184.067,0.0509343
184.133,0.0516405
184.2,0.0523506
184.267,0.0530257
184.333,0.0535836
184.4,0.0545005
184.467,0.054801
184.533,0.0547425
184.6,0.0555931
184.667,0.0561822
184.733,0.0559793
184.8,0.0568494
184.867,0.0569938
184.933,0.0566153
185,0.0558233
185.067,0.0548244
185.133,0.0546761
185.2,0.0544576
185.267,0.0543211
185.333,0.0541572
185.4,0.0546176
185.467,0.0543406
185.533,0.0546137
185.6,0.0544147
185.667,0.0538099
185.733,0.0537631
185.8,0.0530725
185.867,0.05198
185.933,0.0521556
186,0.0518785
186.067,0.0513986
186.133,0.0520658
186.2,0.0521712
186.267,0.0513947
186.333,0.05166
186.4,0.0517537
186.467,0.0528696
186.533,0.0531115
186.6,0.0535095
186.667,0.0537709
186.733,0.053927
186.8,0.0541026
186.867,0.054165
186.933,0.0544498
187,0.0545747
187.067,0.0553199
187.133,0.0551678
187.2,0.0553941
187.267,0.0552614
187.333,0.0554877
187.4,0.0551522
187.467,0.055316
187.533,0.0556711
187.6,0.0559793
187.667,0.0566153
187.733,0.0570796
187.8,0.0571577
187.867,0.0568416
187.933,0.056787
188,0.0570796
188.067,0.0573918
188.133,0.057899
188.2,0.0581292
188.267,0.0579302
188.333,0.058258
188.4,0.0582385
188.467,0.0582502
188.533,0.0584414
188.6,0.0585779
188.667,0.0584024
188.733,0.0587496
188.8,0.0587223
188.867,0.0588667
188.933,0.0590696
189,0.0591203
189.067,0.058258
189.133,0.0582853
189.2,0.0581409
189.267,0.0576961
189.333,0.0577039
189.4,0.0575752
189.467,0.057622
189.533,0.0574464
189.6,0.0571226
189.667,0.0576376
189.733,0.057782
189.8,0.057938
189.867,0.0582034
189.933,0.0581058
190,0.0591398
190.067,0.0609229
190.133,0.0614887
190.2,0.0636581
190.267,0.0653476
190.333,0.0660421
190.4,0.0661045
190.467,0.0640015
190.533,0.0634591
190.6,0.0619374
190.667,0.0605093
190.733,0.0579068
190.8,0.0572942
190.867,0.0574269
190.933,0.0575167
191,0.0583321
191.067,0.0593115
191.133,0.0593817
191.2,0.0596548
191.267,0.0601387
191.333,0.0603767
191.4,0.0604352
191.467,0.0606732
191.533,0.0607005
191.6,0.0606966
191.667,0.0601699
191.733,0.0598812
191.8,0.0601309
191.867,0.0595222
191.933,0.0592256
192,0.0592334
192.067,0.0610283
192.133,0.0614926
192.2,0.062589
192.267,0.0633186
192.333,0.0634669
192.4,0.0624407
192.467,0.0628426
192.533,0.063026
192.6,0.0637361
192.667,0.0650511
192.733,0.0652657
192.8,0.0650862
192.867,0.0647935
192.933,0.0648287
193,0.0639546
193.067,0.0640132
193.133,0.0645438
193.2,0.0648872
193.267,0.064973
193.333,0.0651252
193.4,0.0646297
193.467,0.064177
193.533,0.0644229
193.6,0.0643682
193.667,0.0640444
193.733,0.0641653
193.8,0.0641224
193.867,0.0650706
193.933,0.0651408
194,0.0655466
194.067,0.064856
194.133,0.0650433
194.2,0.0649769
194.267,0.0653866
194.333,0.0655349
194.4,0.0655037
194.467,0.0656129
194.533,0.0654529
194.6,0.0650198
194.667,0.0651915
194.733,0.0654061
194.8,0.0655622
194.867,0.0660772
194.933,0.0664635
195,0.0667796
195.067,0.0665181
195.133,0.0664791
195.2,0.0661787
195.267,0.0665376
195.333,0.0665572
195.4,0.067638
195.467,0.0680672
195.533,0.0682622
195.6,0.0688553
195.667,0.0686056
195.733,0.0671775
195.8,0.0676731
195.867,0.067478
195.933,0.0677121
196,0.0684847
196.067,0.0685627
196.133,0.0693587
196.2,0.071493
196.267,0.0735687
196.333,0.0751411
196.4,0.079519
196.467,0.0845757
196.533,0.0873109
196.6,0.0925628
196.667,0.0970108
196.733,0.0986691
196.8,0.102407
196.867,0.106867
196.933,0.108677
197,0.113043
197.067,0.117347
197.133,0.11986
197.2,0.125389
197.267,0.131401
197.333,0.13478
197.4,0.140376
197.467,0.145194
197.533,0.147208
197.6,0.152073
197.667,0.157817
197.733,0.160509
197.8,0.163896
197.867,0.16937
197.933,0.171473
198,0.174883
198.067,0.178196
198.133,0.180834
198.2,0.186429
198.267,0.191294
198.333,0.193452
198.4,0.197756
198.467,0.202606
198.533,0.204459
198.6,0.20817
198.667,0.210636
198.733,0.212505
198.8,0.216254
198.867,0.220136
198.933,0.222204
199,0.225946
199.067,0.230905
199.133,0.232856
199.2,0.236259
199.267,0.240438
199.333,0.243403
199.4,0.249252
199.467,0.256314
199.533,0.25999
199.6,0.265316
199.667,0.269955
199.733,0.271137
199.8,0.27461
199.867,0.278086
199.933,0.27919
200,0.281656
200.067,0.284134
200.133,0.285909
200.2,0.287759
200.267,0.288656
200.333,0.289554
200.4,0.291376
200.467,0.292734
200.533,0.294517
200.6,0.296803
200.667,0.298134
200.733,0.297498
200.8,0.297634
200.867,0.300186
200.933,0.300643
201,0.304962
201.067,0.308649
201.133,0.310678
201.2,0.311615
201.267,0.314213
201.333,0.314213
201.4,0.316379
201.467,0.31767
201.533,0.318271
201.6,0.320023
201.667,0.322196
201.733,0.322727
201.8,0.323375
201.867,0.323293
201.933,0.321533
202,0.322157
202.067,0.321193
202.133,0.320448
202.2,0.319391
202.267,0.319629
202.333,0.319406
202.4,0.316702
202.467,0.316968
202.533,0.317186
202.6,0.318146
202.667,0.313437
202.733,0.31396
202.8,0.315665
202.867,0.316344
202.933,0.315868
203,0.317225
203.067,0.317257
203.133,0.316621
203.2,0.317452
203.267,0.31849
203.333,0.318462
203.4,0.319254
203.467,0.319145
203.533,0.319644
203.6,0.320374
203.667,0.320573
203.733,0.320838
203.8,0.320577
203.867,0.322848
203.933,0.323375
204,0.326906
204.067,0.325848
204.133,0.327612
204.2,0.330932
204.267,0.334503
204.333,0.334233
204.4,0.334904
204.467,0.335513
204.533,0.336508
204.6,0.338334
204.667,0.341362
204.733,0.3424
204.8,0.34453
204.867,0.344429
204.933,0.344171
205,0.342478
205.067,0.343344
205.133,0.343258
205.2,0.342868
205.267,0.343012
205.333,0.343075
205.4,0.342837
205.467,0.344347
205.533,0.344015
205.6,0.345681
205.667,0.34684
205.733,0.340363
205.8,0.341815
205.867,0.34311
205.933,0.343606
206,0.346251
206.067,0.350988
206.133,0.352209
206.2,0.356087
206.267,0.360426
206.333,0.360297
206.4,0.361343
206.467,0.361402
206.533,0.361546
206.6,0.361179
206.667,0.361417
206.733,0.360871
206.8,0.359486
206.867,0.356825
206.933,0.356224
207,0.354105
207.067,0.353766
207.133,0.352861
207.2,0.349899
207.267,0.349314
207.333,0.349942
207.4,0.347847
207.467,0.346797
207.533,0.347293
207.6,0.346095
207.667,0.343539
207.733,0.342622
207.8,0.342259
207.867,0.340558
207.933,0.341186
208,0.341104
208.067,0.339829
208.133,0.339497
208.2,0.338865
208.267,0.338381
208.333,0.338057
208.4,0.338873
208.467,0.340246
208.533,0.340402
208.6,0.341495
208.667,0.34208
208.733,0.341077
208.8,0.341608
208.867,0.341538
208.933,0.341655
209,0.343988
209.067,0.344643
209.133,0.345568
209.2,0.345435
209.267,0.345919
209.333,0.346337
209.4,0.34677
209.467,0.348319
209.533,0.347706
209.6,0.348377
209.667,0.349794
209.733,0.350044
209.8,0.351405
209.867,0.351382
209.933,0.351351
210,0.352541
210.067,0.353512
210.133,0.353891
210.2,0.354714
210.267,0.35551
210.333,0.355686
210.4,0.356111
210.467,0.357843
210.533,0.358319
210.6,0.359654
210.667,0.360434
210.733,0.358042
210.8,0.359459
210.867,0.360258
210.933,0.360438
211,0.360395
211.067,0.361304
211.133,0.361722
211.2,0.362155
211.267,0.362998
211.333,0.363286
211.4,0.363595
211.467,0.364726
211.533,0.364749
211.6,0.365623
211.667,0.366174
211.733,0.366107
211.8,0.36638
211.867,0.366548
211.933,0.366579
212,0.366732
212.067,0.367524
212.133,0.367602
212.2,0.365491
212.267,0.366462
212.333,0.366923
212.4,0.365873
212.467,0.368511
212.533,0.369564
212.6,0.370961
212.667,0.372061
212.733,0.373482
212.8,0.374523
212.867,0.376018
212.933,0.376962
213,0.378051
213.067,0.379908
213.133,0.380423
213.2,0.380739
213.267,0.381367
213.333,0.381988
213.4,0.382538
213.467,0.383408
213.533,0.383743
213.6,0.384594
213.667,0.385094
213.733,0.384836
213.8,0.385464
213.867,0.385991
213.933,0.38594
214,0.386307
214.067,0.382116
214.133,0.382709
214.2,0.382799
214.267,0.383541
214.333,0.383634
214.4,0.383786
214.467,0.383931
214.533,0.384102
214.6,0.384438
214.667,0.384649
214.733,0.384711
214.8,0.384855
214.867,0.384961
214.933,0.385172
215,0.385199
215.067,0.385503
215.133,0.385874
215.2,0.386783
215.267,0.387517
215.333,0.387645
215.4,0.387821
215.467,0.387435
215.533,0.38752
215.6,0.387575
215.667,0.387368
215.733,0.38406
215.8,0.384344
215.867,0.384766
215.933,0.384746
216,0.38564
216.067,0.385269
216.133,0.385484
216.2,0.385769
216.267,0.385593
216.333,0.385815
216.4,0.385761
216.467,0.386061
216.533,0.386451
216.6,0.386888
216.667,0.38763
216.733,0.387517
216.8,0.387797
216.867,0.388562
216.933,0.388882
217,0.3885
217.067,0.388539
217.133,0.388675
217.2,0.389023
217.267,0.389397
217.333,0.390002
217.4,0.392175
217.467,0.392234
217.533,0.392495
217.6,0.393057
217.667,0.39381
217.733,0.393892
217.8,0.393927
217.867,0.394118
217.933,0.394173
218,0.395039
218.067,0.395145
218.133,0.39491
218.2,0.39486
218.267,0.395184
218.333,0.395234
218.4,0.39507
218.467,0.395164
218.533,0.395336
218.6,0.395047
218.667,0.394957
218.733,0.3947
218.8,0.394801
218.867,0.394727
218.933,0.394497
219,0.394653
219.067,0.386666
219.133,0.386389
219.2,0.387427
219.267,0.387626
219.333,0.387376
219.4,0.387813
219.467,0.388141
219.533,0.388352
219.6,0.388972
219.667,0.388578
219.733,0.388691
219.8,0.388707
219.867,0.389058
219.933,0.388621
220,0.388359
220.067,0.388078
220.133,0.387993
220.2,0.38834
220.267,0.388562
220.333,0.388465
220.4,0.388328
220.467,0.388363
220.533,0.388156
220.6,0.38832
220.667,0.388952
220.733,0.387641
220.8,0.386783
220.867,0.386365
220.933,0.386806
221,0.387087
221.067,0.386627
221.133,0.386744
221.2,0.386966
221.267,0.386408
221.333,0.385772
221.4,0.384777
221.467,0.384469
221.533,0.384454
221.6,0.383689
221.667,0.384227
221.733,0.384668
221.8,0.385593
221.867,0.385644
221.933,0.386459
222,0.38635
222.067,0.386444
222.133,0.386682
222.2,0.385761
222.267,0.385359
222.333,0.3853
222.4,0.380111
222.467,0.380329
222.533,0.381348
222.6,0.38214
222.667,0.382015
222.733,0.382444
222.8,0.383322
222.867,0.3839
222.933,0.383626
223,0.382873
223.067,0.382448
223.133,0.382869
223.2,0.38207
223.267,0.381625
223.333,0.381906
223.4,0.381656
223.467,0.381133
223.533,0.381215
223.6,0.381937
223.667,0.382749
223.733,0.383041
223.8,0.383521
223.867,0.3845
223.933,0.3845
224,0.384532
224.067,0.383619
224.133,0.383771
224.2,0.383903
224.267,0.383712
224.333,0.383459
224.4,0.383267
224.467,0.383111
224.533,0.382674
224.6,0.382257
224.667,0.381633
224.733,0.381184
224.8,0.381016
224.867,0.380638
224.933,0.380536
225,0.38104
225.067,0.380564
225.133,0.380638
225.2,0.380571
225.267,0.380439
225.333,0.380181
225.4,0.380177
225.467,0.380181
225.533,0.380216
225.6,0.380439
225.667,0.380802
225.733,0.377106
225.8,0.377278
225.867,0.377848
225.933,0.378179
226,0.378968
226.067,0.379245
226.133,0.379615
226.2,0.379561
226.267,0.379428
226.333,0.379284
226.4,0.378917
226.467,0.378894
226.533,0.378956
226.6,0.379213
226.667,0.379732
226.733,0.37997
226.8,0.380681
226.867,0.381551
226.933,0.382214
227,0.38315
227.067,0.3845
227.133,0.384914
227.2,0.385718
227.267,0.386061
227.333,0.386077
227.4,0.385047
227.467,0.385113
227.533,0.385889
227.6,0.385835
227.667,0.386108
227.733,0.386124
227.8,0.386217
227.867,0.386748
227.933,0.386838
228,0.387001
228.067,0.387255
228.133,0.387552
228.2,0.387575
228.267,0.387579
228.333,0.387649
228.4,0.387653
228.467,0.387801
228.533,0.387673
228.6,0.387848
228.667,0.387915
228.733,0.387907
228.8,0.388422
228.867,0.38887
228.933,0.389069
229,0.389475
229.067,0.395948
229.133,0.396198
229.2,0.396268
229.267,0.3963
229.333,0.396276
229.4,0.396655
229.467,0.39658
229.533,0.396268
229.6,0.396151
229.667,0.396362
229.733,0.396417
229.8,0.396526
229.867,0.396467
229.933,0.396717
230,0.396744
230.067,0.397095
230.133,0.397536
230.2,0.397544
230.267,0.397696
230.333,0.397767
230.4,0.397806
230.467,0.397575
230.533,0.397618
230.6,0.397568
230.667,0.397646
230.733,0.397337
230.8,0.397638
230.867,0.398087
230.933,0.39788
231,0.398406
231.067,0.398828
231.133,0.398922
231.2,0.398707
231.267,0.397685
231.333,0.397095
231.4,0.396186
231.467,0.395426
231.533,0.395266
231.6,0.394278
231.667,0.393217
231.733,0.393428
231.8,0.393311
231.867,0.393369
231.933,0.393248
232,0.393342
232.067,0.393502
232.133,0.393381
232.2,0.393451
232.267,0.393564
232.333,0.393642
232.4,0.389425
232.467,0.389413
232.533,0.389549
232.6,0.389967
232.667,0.389717
232.733,0.38983
232.8,0.390232
232.867,0.390486
232.933,0.390431
233,0.390661
233.067,0.390611
233.133,0.391118
233.2,0.391282
233.267,0.3915
233.333,0.391567
233.4,0.391762
233.467,0.392113
233.533,0.392019
233.6,0.39205
233.667,0.391961
233.733,0.392121
233.8,0.391926
233.867,0.391898
233.933,0.39182
234,0.391688
234.067,0.390977
234.133,0.390833
234.2,0.391223
234.267,0.391446
234.333,0.391243
234.4,0.391223
234.467,0.391212
234.533,0.391251
234.6,0.391325
234.667,0.391333
234.733,0.391379
234.8,0.391223
234.867,0.391325
234.933,0.391055
235,0.391106
235.067,0.391157
235.133,0.391114
235.2,0.390814
235.267,0.391013
235.333,0.39118
235.4,0.39111
235.467,0.391223
235.533,0.391254
235.6,0.391348
235.667,0.391266
235.733,0.387981
235.8,0.388398
235.867,0.388734
235.933,0.388679
236,0.388613
236.067,0.388566
236.133,0.3888
236.2,0.389709
236.267,0.390435
236.333,0.390767
236.4,0.392093
236.467,0.393198
236.533,0.393849
236.6,0.394548
236.667,0.395558
236.733,0.396116
236.8,0.396264
236.867,0.396413
236.933,0.396678
237,0.396698
237.067,0.397283
237.133,0.397458
237.2,0.397076
237.267,0.397111
237.333,0.396752
237.4,0.394739
237.467,0.394723
237.533,0.39509
237.6,0.394661
237.667,0.39447
237.733,0.394462
237.8,0.394298
237.867,0.394329
237.933,0.394282
238,0.392683
238.067,0.392846
238.133,0.393564
238.2,0.393681
238.267,0.39383
238.333,0.39383
238.4,0.394118
238.467,0.394489
238.533,0.394825
238.6,0.395418
238.667,0.395761
238.733,0.396264
238.8,0.396986
238.867,0.397263
238.933,0.397447
239,0.397903
239.067,0.398371
239.133,0.398742
239.2,0.398949
239.267,0.398953
239.333,0.3993
239.4,0.399331
239.467,0.399121
239.533,0.39882
239.6,0.398699
239.667,0.396101
239.733,0.395827
239.8,0.395804
239.867,0.395578
239.933,0.394473
240,0.39342
240.067,0.393198
240.133,0.392675
240.2,0.392409
240.267,0.392511
240.333,0.392913
240.4,0.393127
240.467,0.393459
240.533,0.394243
240.6,0.394868
240.667,0.395141
240.733,0.395625
240.8,0.396596
240.867,0.397072
240.933,0.397876
241,0.398535
241.067,0.399066
241.133,0.399651
241.2,0.40001
241.267,0.400638
241.333,0.398293
241.4,0.400806
241.467,0.401501
241.533,0.40248
241.6,0.402121
241.667,0.402734
241.733,0.402098
241.8,0.401458
241.867,0.401508
241.933,0.40111
242,0.401005
242.067,0.400693
242.133,0.400666
242.2,0.401512
242.267,0.401481
242.333,0.401512
242.4,0.401489
242.467,0.401462
242.533,0.401337
242.6,0.401044
242.667,0.401372
242.733,0.401017
242.8,0.400291
242.867,0.400264
242.933,0.400002
243,0.395332
243.067,0.395726
243.133,0.396331
243.2,0.396339
243.267,0.39644
243.333,0.396155
243.4,0.396303
243.467,0.396678
243.533,0.396791
243.6,0.396694
243.667,0.396772
243.733,0.39571
243.8,0.395
243.867,0.394715
243.933,0.394633
244,0.394575
244.067,0.394715
244.133,0.394844
244.2,0.394852
244.267,0.394981
244.333,0.39477
244.4,0.394559
244.467,0.394407
244.533,0.394325
244.6,0.394337
244.667,0.391957
244.733,0.392074
244.8,0.392273
244.867,0.392128
244.933,0.391668
245,0.390556
245.067,0.391165
245.133,0.391426
245.2,0.390985
245.267,0.391387
245.333,0.392167
245.4,0.392679
245.467,0.392605
245.533,0.393088
245.6,0.392827
245.667,0.392905
245.733,0.393861
245.8,0.394895
245.867,0.394618
245.933,0.394653
246,0.394532
246.067,0.394626
246.133,0.394594
246.2,0.394579
246.267,0.394704
246.333,0.392948
246.4,0.392597
246.467,0.393139
246.533,0.392421
246.6,0.392409
246.667,0.392706
246.733,0.392725
246.8,0.393057
246.867,0.392909
246.933,0.393315
247,0.393498
247.067,0.393654
247.133,0.393857
247.2,0.393498
247.267,0.39333
247.333,0.393506
247.4,0.393088
247.467,0.393408
247.533,0.392975
247.6,0.392698
247.667,0.392558
247.733,0.392624
247.8,0.392226
247.867,0.392577
247.933,0.392226
248,0.390037
248.067,0.390127
248.133,0.390256
248.2,0.390525
248.267,0.390224
248.333,0.391005
248.4,0.390931
248.467,0.391192
248.533,0.390958
248.6,0.390494
248.667,0.390459
248.733,0.390088
248.8,0.390139
248.867,0.390045
248.933,0.389417
249,0.389608
249.067,0.390174
249.133,0.389994
249.2,0.389729
249.267,0.389947
249.333,0.389639
249.4,0.389409
249.467,0.389487
249.533,0.388855
249.6,0.388535
249.667,0.387095
249.733,0.386576
249.8,0.386732
249.867,0.386428
249.933,0.386202
250,0.385897
250.067,0.385616
250.133,0.385636
250.2,0.385218
250.267,0.384914
250.333,0.384906
250.4,0.384715
250.467,0.384555
250.533,0.38477
250.6,0.383876
250.667,0.383864
250.733,0.383876
250.8,0.383626
250.867,0.383322
250.933,0.383342
251,0.382737
251.067,0.382612
251.133,0.381203
251.2,0.381613
251.267,0.381636
251.333,0.378261
251.4,0.378687
251.467,0.378511
251.533,0.380642
251.6,0.382202
251.667,0.382331
251.733,0.381828
251.8,0.382706
251.867,0.382686
251.933,0.383037
252,0.383845
252.067,0.386124
252.133,0.387606
252.2,0.388418
252.267,0.388644
252.333,0.389655
252.4,0.390767
252.467,0.391102
252.533,0.392136
252.6,0.39287
252.667,0.393006
252.733,0.393713
252.8,0.394879
252.867,0.395242
252.933,0.395816
253,0.394462
253.067,0.395359
253.133,0.396237
253.2,0.397006
253.267,0.39749
253.333,0.398114
253.4,0.398871
253.467,0.399433
253.533,0.399632
253.6,0.399905
253.667,0.400408
253.733,0.400697
253.8,0.401001
253.867,0.400962
253.933,0.400712
254,0.400712
254.067,0.401676
254.133,0.402289
254.2,0.40262
254.267,0.403303
254.333,0.403327
254.4,0.403518
254.467,0.404411
254.533,0.406148
254.6,0.407108
254.667,0.420424
254.733,0.42083
254.8,0.420873
254.867,0.420612
254.933,0.420752
255,0.420662
255.067,0.42099
255.133,0.421349
255.2,0.421856
255.267,0.422137
255.333,0.422812
255.4,0.423651
255.467,0.424186
255.533,0.424759
255.6,0.425996
255.667,0.426531
255.733,0.427463
255.8,0.427775
255.867,0.428033
255.933,0.428587
256,0.42904
256.067,0.429352
256.133,0.429695
256.2,0.430101
256.267,0.430198
256.333,0.429243
256.4,0.428638
256.467,0.429165
256.533,0.429352
256.6,0.429321
256.667,0.429699
256.733,0.429672
256.8,0.429555
256.867,0.42952
256.933,0.429367
257,0.428899
257.067,0.428751
257.133,0.428486
257.2,0.428263
257.267,0.428177
257.333,0.427697
257.4,0.427604
257.467,0.42726
257.533,0.427097
257.6,0.426652
257.667,0.426484
257.733,0.426031
257.8,0.42561
257.867,0.425579
257.933,0.425704
258,0.424393
258.067,0.424318
258.133,0.425095
258.2,0.424736
258.267,0.425072
258.333,0.425196
258.4,0.425181
258.467,0.425391
258.533,0.425946
258.6,0.426226
258.667,0.426394
258.733,0.426687
258.8,0.426293
258.867,0.425957
258.933,0.425587
259,0.425883
259.067,0.42639
259.133,0.426141
259.2,0.426621
259.267,0.426921
259.333,0.426671
259.4,0.4265
259.467,0.42609
259.533,0.425442
259.6,0.425111
259.667,0.424713
259.733,0.424182
259.8,0.424974
259.867,0.426121
259.933,0.425688
260,0.424065
260.067,0.423839
260.133,0.424506
260.2,0.426148
260.267,0.426582
260.333,0.426956
260.4,0.428205
260.467,0.42767
260.533,0.4279
260.6,0.428045
260.667,0.428177
260.733,0.428443
260.8,0.427955
260.867,0.427733
260.933,0.427413
261,0.427592
261.067,0.427385
261.133,0.427342
261.2,0.427498
261.267,0.427803
261.333,0.424752
261.4,0.425286
261.467,0.425337
261.533,0.425489
261.6,0.426164
261.667,0.426457
261.733,0.426738
261.8,0.426699
261.867,0.426999
261.933,0.426823
262,0.42639
262.067,0.42689
262.133,0.426148
262.2,0.427631
262.267,0.427377
262.333,0.427245
262.4,0.427967
262.467,0.427791
262.533,0.428251
262.6,0.42824
262.667,0.428146
262.733,0.428552
262.8,0.428653
262.867,0.429387
262.933,0.429863
263,0.429992
263.067,0.430694
263.133,0.431353
263.2,0.431158
263.267,0.431568
263.333,0.432259
263.4,0.433113
263.467,0.433277
263.533,0.433265
263.6,0.43332
263.667,0.433304
263.733,0.433558
263.8,0.433394
263.867,0.433265
263.933,0.433488
264,0.433125
264.067,0.433176
264.133,0.4333
264.2,0.432344
264.267,0.433059
264.333,0.432902
264.4,0.433706
264.467,0.434233
264.533,0.434163
264.6,0.434518
264.667,0.434124
264.733,0.433851
264.8,0.433851
264.867,0.433593
264.933,0.433874
265,0.433488
265.067,0.433464
265.133,0.433133
265.2,0.432454
265.267,0.432317
265.333,0.431619
265.4,0.430655
265.467,0.428821
265.533,0.428224
265.6,0.425973
265.667,0.426636
265.733,0.426831
265.8,0.429445
265.867,0.429516
265.933,0.431509
266,0.43277
266.067,0.433496
266.133,0.433601
266.2,0.433671
266.267,0.43364
266.333,0.432723
266.4,0.432157
266.467,0.432586
266.533,0.432668
266.6,0.433304
266.667,0.433433
266.733,0.433792
266.8,0.434018
266.867,0.43405
266.933,0.434003
267,0.434233
267.067,0.433878
267.133,0.433749
267.2,0.433632
267.267,0.433328
267.333,0.433144
267.4,0.43332
267.467,0.433854
267.533,0.433987
267.6,0.434046
267.667,0.433972
267.733,0.433804
267.8,0.433917
267.867,0.434147
267.933,0.433948
268,0.432352
268.067,0.43245
268.133,0.43227
268.2,0.432485
268.267,0.432805
268.333,0.432235
268.4,0.432774
268.467,0.43275
268.533,0.432653
268.6,0.431666
268.667,0.431806
268.733,0.432489
268.8,0.432731
268.867,0.432883
268.933,0.432883
269,0.433144
269.067,0.433281
269.133,0.433332
269.2,0.433659
269.267,0.433023
269.333,0.432622
269.4,0.433527
269.467,0.433437
269.533,0.433187
269.6,0.432688
269.667,0.430753
269.733,0.430331
269.8,0.430612
269.867,0.430975
269.933,0.430948
270,0.431127
270.067,0.431178
270.133,0.431092
270.2,0.430858
270.267,0.431182
270.333,0.430753
270.4,0.431049
270.467,0.430889
270.533,0.43101
270.6,0.431127
270.667,0.431264
270.733,0.430944
270.8,0.43069
270.867,0.430397
270.933,0.430756
271,0.430694
271.067,0.430854
271.133,0.430628
271.2,0.430753
271.267,0.430776
271.333,0.435392
271.4,0.434725
271.467,0.434514
271.533,0.433773
271.6,0.433605
271.667,0.433421
271.733,0.433386
271.8,0.43323
271.867,0.433417
271.933,0.432797
272,0.433339
272.067,0.433347
272.133,0.433624
272.2,0.433519
272.267,0.433176
272.333,0.43307
272.4,0.432945
272.467,0.433519
272.533,0.433831
272.6,0.433749
272.667,0.43348
272.733,0.43378
272.8,0.433734
272.867,0.433788
272.933,0.433987
273,0.432664
273.067,0.433004
273.133,0.432941
273.2,0.433121
273.267,0.433726
273.333,0.433636
273.4,0.433667
273.467,0.434132
273.533,0.43421
273.6,0.43481
273.667,0.435138
273.733,0.436016
273.8,0.436278
273.867,0.436539
273.933,0.43618
274,0.436254
274.067,0.435489
274.133,0.435364
274.2,0.435329
274.267,0.434611
274.333,0.434518
274.4,0.434096
274.467,0.433991
274.533,0.434128
274.6,0.434026
274.667,0.432828
274.733,0.432852
274.8,0.43293
274.867,0.433367
274.933,0.433425
275,0.433558
275.067,0.433031
275.133,0.433027
275.2,0.4333
275.267,0.433585
275.333,0.433293
275.4,0.43284
275.467,0.431923
275.533,0.432551
275.6,0.432376
275.667,0.432477
275.733,0.432286
275.8,0.43211
275.867,0.431478
275.933,0.432153
276,0.431837
276.067,0.433523
276.133,0.434924
276.2,0.436024
276.267,0.438018
276.333,0.435848
276.4,0.435478
276.467,0.436847
276.533,0.4384
276.6,0.439122
276.667,0.440675
276.733,0.441124
276.8,0.441436
276.867,0.442025
276.933,0.442396
277,0.44252
277.067,0.442591
277.133,0.443597
277.2,0.443781
277.267,0.444616
277.333,0.444393
277.4,0.444276
277.467,0.444448
277.533,0.445392
277.6,0.445993
277.667,0.446539
277.733,0.447952
277.8,0.448791
277.867,0.451132
277.933,0.453325
278,0.453933
278.067,0.455677
278.133,0.457566
278.2,0.458834
278.267,0.46169
278.333,0.46583
278.4,0.466965
278.467,0.471242
278.533,0.473957
278.6,0.47592
278.667,0.475499
278.733,0.478011
278.8,0.477965
278.867,0.479369
278.933,0.481761
279,0.483755
279.067,0.48308
279.133,0.485042
279.2,0.485159
279.267,0.486119
279.333,0.484921
279.4,0.486264
279.467,0.485522
279.533,0.486236
279.6,0.486268
279.667,0.480746
279.733,0.481016
279.8,0.481609
279.867,0.483739
279.933,0.485456
280,0.486787
280.067,0.491227
280.133,0.495136
280.2,0.494973
280.267,0.49811
280.333,0.50223
280.4,0.504306
280.467,0.506132
280.533,0.505816
280.6,0.507587
280.667,0.50944
280.733,0.512987
280.8,0.513807
280.867,0.516003
280.933,0.518262
281,0.519285
281.067,0.522324
281.133,0.524958
281.2,0.526577
281.267,0.526218
281.333,0.521513
281.4,0.522539
281.467,0.522789
281.533,0.523885
281.6,0.52296
281.667,0.521481
281.733,0.517681
281.8,0.514365
281.867,0.51051
281.933,0.505753
282,0.50628
282.067,0.501247
282.133,0.498262
282.2,0.498117
282.267,0.494914
282.333,0.492577
282.4,0.492752
282.467,0.490091
282.533,0.487594
282.6,0.486689
282.667,0.459009
282.733,0.456824
282.8,0.454803
282.867,0.431232
282.933,0.42877
283,0.4233
283.067,0.422317
283.133,0.417404
283.2,0.416406
283.267,0.39868
283.333,0.393252
283.4,0.39168
283.467,0.389105
283.533,0.388609
283.6,0.38722
283.667,0.37379
283.733,0.374847
283.8,0.3764
283.867,0.379284
283.933,0.383806
284,0.385203
284.067,0.382276
284.133,0.383911
284.2,0.380837
284.267,0.378144
284.333,0.37841
284.4,0.376814
284.467,0.37658
284.533,0.377161
284.6,0.377676
284.667,0.376607
284.733,0.379409
284.8,0.378339
284.867,0.376607
284.933,0.38029
285,0.382054
285.067,0.384021
285.133,0.383669
285.2,0.38422
285.267,0.384063
285.333,0.386373
285.4,0.385004
285.467,0.387598
285.533,0.390119
285.6,0.390665
285.667,0.391387
285.733,0.395468
285.8,0.396908
285.867,0.399667
285.933,0.404138
286,0.403015
286.067,0.404415
286.133,0.410112
286.2,0.401352
286.267,0.401727
286.333,0.393518
286.4,0.395031
286.467,0.393771
286.533,0.393174
286.6,0.393295
286.667,0.390942
286.733,0.389826
286.8,0.389042
286.867,0.388777
286.933,0.385261
287,0.384458
287.067,0.379846
287.133,0.377703
287.2,0.374605
287.267,0.372502
287.333,0.370852
287.4,0.366361
287.467,0.366482
287.533,0.364964
287.6,0.364777
287.667,0.361964
287.733,0.361675
287.8,0.360937
287.867,0.353977
287.933,0.35052
288,0.339762
288.067,0.34375
288.133,0.346216
288.2,0.340215
288.267,0.340738
288.333,0.338576
288.4,0.336684
288.467,0.338104
288.533,0.332396
288.6,0.331159
288.667,0.328662
288.733,0.326352
288.8,0.324057
288.867,0.324666
288.933,0.321697
289,0.320171
289.067,0.319957
289.133,0.317612
289.2,0.315825
289.267,0.315079
289.333,0.312512
289.4,0.310822
289.467,0.307127
289.533,0.307506
289.6,0.307506
289.667,0.291575
289.733,0.294372
289.8,0.295293
289.867,0.299238
289.933,0.301126
290,0.302418
290.067,0.30806
290.133,0.314994
290.2,0.315544
290.267,0.321147
290.333,0.321654
290.4,0.322465
290.467,0.323917
290.533,0.325439
290.6,0.325411
290.667,0.322563
290.733,0.323339
290.8,0.324362
290.867,0.326196
290.933,0.329079
291,0.329126
291.067,0.330687
291.133,0.3327
291.2,0.332111
291.267,0.333601
291.333,0.329395
291.4,0.330417
291.467,0.333757
291.533,0.336504
291.6,0.336629
291.667,0.336922
291.733,0.337975
291.8,0.338771
291.867,0.340203
291.933,0.34098
292,0.339871
292.067,0.340738
292.133,0.341182
292.2,0.340254
292.267,0.341186
292.333,0.339957
292.4,0.338393
292.467,0.336836
292.533,0.331748
292.6,0.331147
292.667,0.329251
292.733,0.323991
292.8,0.32236
292.867,0.317822
292.933,0.310678
293,0.312637
293.067,0.305727
293.133,0.297915
293.2,0.2955
293.267,0.287248
293.333,0.283186
293.4,0.280275
293.467,0.273935
293.533,0.265647
293.6,0.265054
293.667,0.26219
293.733,0.259865
293.8,0.25965
293.867,0.258257
293.933,0.254367
294,0.254605
294.067,0.255233
294.133,0.254168
294.2,0.253466
294.267,0.25519
294.333,0.253427
294.4,0.255292
294.467,0.259315
294.533,0.261738
294.6,0.262475
294.667,0.259849
294.733,0.266115
294.8,0.268648
294.867,0.268398
294.933,0.269479
295,0.269565
295.067,0.267707
295.133,0.260614
295.2,0.259791
295.267,0.258
295.333,0.257395
295.4,0.256856
295.467,0.254461
295.533,0.251644
295.6,0.251015
295.667,0.247726
295.733,0.243391
295.8,0.243555
295.867,0.244133
295.933,0.245256
296,0.244484
296.067,0.244737
296.133,0.244265
296.2,0.244519
296.267,0.242271
296.333,0.24075
296.4,0.242115
296.467,0.243848
296.533,0.247863
296.6,0.250668
296.667,0.254344
296.733,0.257485
296.8,0.258366
296.867,0.254804
296.933,0.255261
297,0.256037
297.067,0.252315
297.133,0.249911
297.2,0.24926
297.267,0.247687
297.333,0.245053
297.4,0.243863
297.467,0.243821
297.533,0.239926
297.6,0.239302
297.667,0.234238
297.733,0.228404
297.8,0.225892
297.867,0.223141
297.933,0.220862
298,0.213379
298.067,0.215158
298.133,0.220332
298.2,0.224218
298.267,0.229832
298.333,0.23373
298.4,0.228112
298.467,0.228053
298.533,0.227819
298.6,0.22293
298.667,0.220176
298.733,0.21936
298.8,0.218072
298.867,0.209859
298.933,0.20488
299,0.204092
299.067,0.206266
299.133,0.199683
299.2,0.196971
299.267,0.198661
299.333,0.196624
299.4,0.196925
299.467,0.196581
299.533,0.201224
299.6,0.201486
299.667,0.202282
299.733,0.208415
299.8,0.211404
299.867,0.218061
299.933,0.228408
300,0.233009
300.067,0.243333
300.133,0.251058
300.2,0.255506
300.267,0.270856
300.333,0.281692
300.4,0.2836
300.467,0.293756
300.533,0.299874
300.6,0.302796
300.667,0.31506
300.733,0.322146
300.8,0.323855
300.867,0.333
300.933,0.338912
301,0.338822
301.067,0.34954
301.133,0.355572
301.2,0.357461
301.267,0.356809
301.333,0.356123
301.4,0.357445
301.467,0.356349
301.533,0.350816
301.6,0.348264
301.667,0.355428
301.733,0.354488
301.8,0.354718
301.867,0.357644
301.933,0.369845
302,0.373357
302.067,0.374555
302.133,0.372389
302.2,0.369291
302.267,0.363969
302.333,0.356087
302.4,0.348553
302.467,0.340496
302.533,0.334506
302.6,0.330503
302.667,0.320331
302.733,0.312609
302.8,0.309984
302.867,0.305961
302.933,0.297225
303,0.295016
303.067,0.291645
303.133,0.288645
303.2,0.286171
303.267,0.281867
303.333,0.28001
303.4,0.278039
303.467,0.273279
303.533,0.270946
303.6,0.268913
303.667,0.270232
303.733,0.26887
303.8,0.265444
303.867,0.256802
303.933,0.254063
304,0.254699
304.067,0.254847
304.133,0.254496
304.2,0.253688
304.267,0.253836
304.333,0.251651
304.4,0.249424
304.467,0.250684
304.533,0.253684
304.6,0.254941
304.667,0.257664
304.733,0.256322
304.8,0.256829
304.867,0.257196
304.933,0.259459
305,0.258944
305.067,0.260524
305.133,0.262491
305.2,0.26091
305.267,0.254789
305.333,0.250173
305.4,0.247168
305.467,0.241596
305.533,0.238424
305.6,0.237847
305.667,0.236891
305.733,0.237016
305.8,0.236977
305.867,0.237308
305.933,0.240118
306,0.240769
306.067,0.241066
306.133,0.245822
306.2,0.245202
306.267,0.246091
306.333,0.247028
306.4,0.248557
306.467,0.248639
306.533,0.246185
306.6,0.246743
306.667,0.242385
306.733,0.240367
306.8,0.240032
306.867,0.236419
306.933,0.232673
307,0.232544
307.067,0.230055
307.133,0.227706
307.2,0.226169
307.267,0.224534
307.333,0.22524
307.4,0.225123
307.467,0.224019
307.533,0.219856
307.6,0.219707
307.667,0.216839
307.733,0.213734
307.8,0.212813
307.867,0.21021
307.933,0.208962
308,0.205891
308.067,0.203764
308.133,0.20092
308.2,0.200428
308.267,0.198423
308.333,0.198103
308.4,0.198286
308.467,0.197397
308.533,0.194026
308.6,0.193124
308.667,0.192235
308.733,0.194619
308.8,0.193202
308.867,0.192937
308.933,0.190163
309,0.18939
309.067,0.188473
309.133,0.189273
309.2,0.188368
309.267,0.191462
309.333,0.190924
309.4,0.192289
309.467,0.19383
309.533,0.196148
309.6,0.196698
309.667,0.199496
309.733,0.203683
309.8,0.205294
309.867,0.206835
309.933,0.208255
310,0.209102
310.067,0.208825
310.133,0.206414
310.2,0.20673
310.267,0.205446
310.333,0.202079
310.4,0.202223
310.467,0.204518
310.533,0.203831
310.6,0.202945
310.667,0.192757
310.733,0.188099
310.8,0.185527
310.867,0.183736
310.933,0.181126
311,0.179608
311.067,0.177384
311.133,0.173564
311.2,0.171941
311.267,0.166334
311.333,0.16276
311.4,0.161488
311.467,0.158804
311.533,0.156053
311.6,0.152327
311.667,0.145066
311.733,0.136095
311.8,0.133071
311.867,0.129408
311.933,0.128303
312,0.126161
312.067,0.123984
312.133,0.127332
312.2,0.128026
312.267,0.13297
312.333,0.136045
312.4,0.138124
312.467,0.141632
312.533,0.142291
312.6,0.142744
312.667,0.145323
312.733,0.147656
312.8,0.147773
312.867,0.148273
312.933,0.146673
313,0.142565
313.067,0.140715
313.133,0.137523
313.2,0.135779
313.267,0.135752
313.333,0.13558
313.4,0.135705
313.467,0.137796
313.533,0.141452
313.6,0.142167
313.667,0.143403
313.733,0.144664
313.8,0.146217
313.867,0.151941
313.933,0.154828
314,0.156194
314.067,0.162421
314.133,0.169354
314.2,0.17152
314.267,0.177681
314.333,0.182687
314.4,0.185886
314.467,0.191474
314.533,0.198403
314.6,0.200592
314.667,0.197248
314.733,0.19895
314.8,0.199024
314.867,0.198579
314.933,0.201474
315,0.202137
315.067,0.202016
315.133,0.203402
315.2,0.204342
315.267,0.206145
315.333,0.207444
315.4,0.207518
315.467,0.207296
315.533,0.210737
315.6,0.209547
315.667,0.207733
315.733,0.20698
315.8,0.206289
315.867,0.204923
315.933,0.201521
316,0.201825
316.067,0.201556
316.133,0.19996
316.2,0.200444
316.267,0.202169
316.333,0.200023
316.4,0.197533
316.467,0.190963
316.533,0.187521
316.6,0.186846
316.667,0.182699
316.733,0.176729
316.8,0.172667
316.867,0.166553
316.933,0.158441
317,0.156326
317.067,0.150946
317.133,0.145744
317.2,0.143431
317.267,0.13839
317.333,0.131589
317.4,0.128889
317.467,0.125888
317.533,0.122224
317.6,0.120238
317.667,0.117093
317.733,0.113874
317.8,0.11375
317.867,0.109973
317.933,0.105958
318,0.104151
318.067,0.101073
318.133,0.0982282
318.2,0.0969055
318.267,0.0932456
318.333,0.0901436
318.4,0.0879625
318.467,0.082102
318.533,0.0767526
318.6,0.0734556
318.667,0.0670722
318.733,0.0638727
318.8,0.0615082
318.867,0.0571889
318.933,0.0534861
319,0.0515703
319.067,0.0479533
319.133,0.0447616
319.2,0.0425337
319.267,0.0371297
319.333,0.0317842
319.4,0.0295172
319.467,0.0250067
319.533,0.0201139
319.6,0.0191345
319.667,0.0158843
319.733,0.0141012
319.8,0.01359
319.867,0.011284
319.933,0.00862691
320,0.00733931
320.067,0.00464316
320.133,0.00395644
320.2,0.00394864
320.267,0.00401497
320.333,0.00402667
320.4,0.00411641
320.467,0.00422957
320.533,0.00442466
320.6,0.00450269
320.667,0.0047368
320.733,0.00485386
320.8,0.00490068
320.867,0.00463926
320.933,0.00474851
321,0.00478753
321.067,0.00476412
321.133,0.00455732
321.2,0.00453781
321.267,0.00436223
321.333,0.0045144
321.4,0.00458073
321.467,0.00436613
321.533,0.00462365
321.6,0.00484605
321.667,0.0049475
321.733,0.00504505
321.8,0.00511528
321.867,0.00550546
321.933,0.00518941
322,0.00524014
322.067,0.00540401
322.133,0.00532988
322.2,0.00513089
322.267,0.00568494
322.333,0.00560691
322.4,0.0057981
322.467,0.00571226
322.533,0.00585272
322.6,0.00607122
322.667,0.00605952
322.733,0.00588784
322.8,0.00604001
322.867,0.00627802
322.933,0.00646141
323,0.00662528
323.067,0.00679306
323.133,0.0066565
323.2,0.00628973
323.267,0.00641458
323.333,0.0062351
323.4,0.0064575
323.467,0.00700376
323.533,0.00707009
323.6,0.00698035
323.667,0.00695694
323.733,0.00676184
323.8,0.00634825
323.867,0.00638337
323.933,0.00643019
324,0.00613755
324.067,0.00588784
324.133,0.00593856
324.2,0.00585272
324.267,0.00577859
324.333,0.00572006
324.4,0.00590345
324.467,0.00626241
324.533,0.00626631
324.6,0.00620389
324.667,0.00609854
324.733,0.00610634
324.8,0.0060244
324.867,0.00596978
324.933,0.00616097
325,0.00634825
325.067,0.0062312
325.133,0.00627412
325.2,0.00611805
325.267,0.00607513
325.333,0.00605171
325.4,0.00630143
325.467,0.00684768
325.533,0.00679306
325.6,0.00654334
325.667,0.00662918
325.733,0.00648482
325.8,0.00653944
325.867,0.0064458
325.933,0.00634045
326,0.00637947
326.067,0.00642629
326.133,0.00635606
326.2,0.00655895
326.267,0.00646141
326.333,0.00653164
326.4,0.00660967
326.467,0.00686719
326.533,0.00680086
326.6,0.00786996
326.667,0.00811577
326.733,0.00851376
326.8,0.00926681
326.867,0.0105349
326.933,0.0109797
327,0.0115494
327.067,0.011842
327.133,0.0118771
327.2,0.0109056
327.267,0.00985598
327.333,0.00941118
327.4,0.00811187
327.467,0.00642239
327.533,0.00571616
327.6,0.004729
327.667,0.00410861
327.733,0.00395254
327.8,0.00698035
327.867,0.0137071
327.933,0.0171368
328,0.0208747
328.067,0.0224354
328.133,0.0227008
328.2,0.0235045
328.267,0.0236801
328.333,0.0236918
328.4,0.0239376
328.467,0.0295562
328.533,0.0333605
328.6,0.0418587
328.667,0.0465408
328.733,0.0500018
328.8,0.0562291
328.867,0.0579302
328.933,0.0569314
329,0.0568338
329.067,0.0554292
329.133,0.0548322
329.2,0.0536812
329.267,0.0515703
329.333,0.0519488
329.4,0.0572045
329.467,0.0607239
329.533,0.0626085
329.6,0.0658158
329.667,0.0673492
329.733,0.0678916
329.8,0.0702288
329.867,0.073557
329.933,0.0737053
330,0.0734126
330.067,0.0708101
330.133,0.0689412
330.2,0.0649691
330.267,0.0611375
330.333,0.0603845
330.4,0.0590267
330.467,0.057263
330.533,0.0577625
330.6,0.0543562
330.667,0.0532325
330.733,0.0519683
330.8,0.0532051
330.867,0.0547034
330.933,0.0548283
331,0.0545279
331.067,0.0514766
331.133,0.0517498
331.2,0.0542391
331.267,0.0576454
331.333,0.0561822
331.4,0.0565022
331.467,0.0566465
331.533,0.0569587
331.6,0.0585701
331.667,0.0592608
331.733,0.0582112
331.8,0.0563188
331.867,0.0523194
331.933,0.0496701
332,0.0473407
332.067,0.0466618
332.133,0.0455069
332.2,0.0438876
332.267,0.0423503
332.333,0.0421552
332.4,0.043556
332.467,0.0442232
332.533,0.0445743
332.6,0.0440437
332.667,0.0444924
332.733,0.0436886
332.8,0.0453937
332.867,0.0486283
332.933,0.0494087
333,0.0481484
333.067,0.0482694
333.133,0.0483864
333.2,0.0493892
333.267,0.0501656
333.333,0.0504934
333.4,0.0520346
333.467,0.0530101
333.533,0.0520073
333.6,0.0519371
333.667,0.0501539
333.733,0.0492487
333.8,0.0492058
333.867,0.0490458
333.933,0.049276
334,0.0492058
334.067,0.0466306
334.133,0.0447031
334.2,0.0408403
334.267,0.0367707
334.333,0.0351632
334.4,0.0324514
334.467,0.0298489
334.533,0.0279565
334.6,0.024004
334.667,0.0216512
334.733,0.0213507
334.8,0.01828
334.867,0.0156463
334.933,0.0148542
335,0.0146084
335.067,0.0145069
335.133,0.0148347
335.2,0.014347
335.267,0.0122829
335.333,0.0114206
335.4,0.00971162
335.467,0.00787386
335.533,0.00769438
335.6,0.00779583
335.667,0.00810407
335.733,0.00818991
335.8,0.0086035
335.867,0.0085996
335.933,0.00884932
336,0.00921999
336.067,0.00929412
336.133,0.00971162
336.2,0.00982087
336.267,0.0104335
336.333,0.0107456
336.4,0.013274
336.467,0.0160443
336.533,0.0170275
336.6,0.0203753
336.667,0.0250614
336.733,0.026665
336.8,0.0313082
336.867,0.0342111
336.933,0.0363025
337,0.0417065
337.067,0.0441217
337.133,0.0469661
337.2,0.0477894
337.267,0.0525145
337.333,0.0555228
337.4,0.0571226
337.467,0.0588199
337.533,0.0624173
337.6,0.0641107
337.667,0.0646297
337.733,0.0655973
337.8,0.0626124
337.867,0.0647038
337.933,0.0665494
338,0.0646141
338.067,0.069425
338.133,0.0704512
338.2,0.0701741
338.267,0.0728859
338.333,0.0742515
338.4,0.0769711
338.467,0.0789922
338.533,0.0799521
338.6,0.0828784
338.667,0.0845601
338.733,0.0842519
338.8,0.0861872
338.867,0.0884971
338.933,0.0845406
339,0.085836
339.067,0.0848098
339.133,0.0846616
339.2,0.084884
339.267,0.0843611
339.333,0.0847747
339.4,0.0855902
339.467,0.0839983
339.533,0.0835613
339.6,0.0835925
339.667,0.0837056
339.733,0.084607
339.8,0.0863472
339.867,0.0897612
339.933,0.0887663
340,0.0855707
340.067,0.0821917
340.133,0.0788713
340.2,0.0720158
340.267,0.0650276
340.333,0.0616487
340.4,0.0538177
340.467,0.0460804
340.533,0.0430448
340.6,0.0342423
340.667,0.029127
340.733,0.0284013
340.8,0.0280423
340.867,0.0272659
340.933,0.0279799
341,0.0283662
341.067,0.0280306
341.133,0.0279019
341.2,0.0270396
341.267,0.0256154
341.333,0.0246126
341.4,0.0225369
341.467,0.0216785
341.533,0.0210191
341.6,0.0195403
341.667,0.0147528
341.733,0.0128955
341.8,0.00828355
341.867,0.0043037
341.933,0.00248936
342,0.000163876
342.067,0.000284832
342.133,0.000308243
342.2,0.000183385
342.267,0.000202894
342.333,0.000198993
342.4,0.000187287
342.467,0.000187287
342.533,0.000187287
342.6,0.000163876
342.667,0.000148269
342.733,0.000152171
342.8,0.000152171
342.867,0.000152171
342.933,0.000152171
343,0.000152171
343.067,0.000152171
343.133,0.000152171
343.2,0.000148269
343.267,0.000148269
343.333,0.000148269
343.4,0.000148269
343.467,0.000148269
343.533,0.000148269
343.6,0.000148269
343.667,0.000148269
343.733,0.000144367
343.8,0.000144367
343.867,0.000144367
343.933,0.000163876
344,0.000163876
344.067,0.000163876
344.133,0.000175582
344.2,0.000175582
344.267,0.000175582
344.333,0.000144367
344.4,0.000156073
344.467,0.000156073
344.533,0.000156073
344.6,0.000156073
344.667,0.000156073
344.733,0.000156073
344.8,0.000167778
344.867,0.000167778
344.933,0.000159974
345,0.000159974
345.067,0.000159974
345.133,0.000159974
345.2,0.000152171
345.267,9.75454e-05
345.333,4.68218e-05
345.4,0
345.467,0
345.533,0
345.6,0
345.667,0
345.733,0
345.8,0
345.867,0
345.933,0
346,0
346.067,0
346.133,0
346.2,0
346.267,0
346.333,0
346.4,0
346.467,0
346.533,0
346.6,0
346.667,0
346.733,0
346.8,0
346.867,0
346.933,0
347,0
347.067,0
347.133,0
347.2,0
347.267,0
347.333,0
347.4,0
347.467,0
347.533,0
347.6,0
347.667,0
347.733,0
347.8,0
347.867,0
347.933,7.80363e-06
348,0
348.067,0
348.133,0
348.2,0
348.267,1.95091e-05
348.333,2.34109e-05
348.4,2.34109e-05
348.467,3.12145e-05
348.533,4.292e-05
348.6,8.19381e-05
348.667,8.19381e-05
348.733,0.000156073
348.8,0.00017168
348.867,0.000167778
348.933,0.000202894
349,0.000218502
349.067,0.000234109
349.133,0.000234109
349.2,0.000234109
349.267,0.000238011
349.333,0.000238011
349.4,0.000238011
349.467,0.000249716
349.533,0.000249716
349.6,0.000249716
349.667,0.000284832
349.733,0.000284832
349.8,0.000288734
349.867,0.000284832
349.933,0.000284832
350,0.000280931
350.067,0.000284832
350.133,0.000273127
350.2,0.000265323
350.267,0.000265323
350.333,0.000265323
350.4,0.000253618
350.467,0.000269225
350.533,0.00400326
350.6,0.00719104
350.667,0.0141597
350.733,0.0212454
350.8,0.0236801
350.867,0.0282999
350.933,0.0318583
351,0.0332981
351.067,0.0341526
351.133,0.0346169
351.2,0.0347301
351.267,0.0352295
351.333,0.0357796
351.4,0.0359942
351.467,0.0363259
351.533,0.0361737
351.6,0.0364351
351.667,0.0372584
351.733,0.0375979
351.8,0.0381051
351.867,0.0386085
351.933,0.0391625
352,0.0396502
352.067,0.03942
352.133,0.0394122
352.2,0.0395098
352.267,0.0401029
352.333,0.0407467
352.4,0.0411095
352.467,0.0418899
352.533,0.0430253
352.6,0.0435364
352.667,0.0490107
352.733,0.0549219
352.8,0.0581995
352.867,0.0642863
352.933,0.0693313
353,0.0710325
353.067,0.0739277
353.133,0.0786489
353.2,0.0799287
353.267,0.0834364
353.333,0.0868817
353.4,0.0883371
353.467,0.0909084
353.533,0.0941118
353.6,0.095614
353.667,0.0970693
353.733,0.098435
353.8,0.0984077
353.867,0.09911
353.933,0.100027
354,0.100741
354.067,0.101872
354.133,0.102508
354.2,0.10348
354.267,0.104077
354.333,0.10213
354.4,0.10094
354.467,0.0983023
354.533,0.0970069
354.6,0.0964412
354.667,0.0943537
354.733,0.0933314
354.8,0.0927383
354.867,0.0912556
354.933,0.0896754
355,0.0891526
355.067,0.0891253
355.133,0.0891214
355.2,0.0893242
355.267,0.090647
355.333,0.0933665
355.4,0.0954735
355.467,0.0993831
355.533,0.101256
355.6,0.101404
355.667,0.102746
355.733,0.106254
355.8,0.106453
355.867,0.106516
355.933,0.10723
356,0.10801
356.067,0.108849
356.133,0.110238
356.2,0.110098
356.267,0.111198
356.333,0.112376
356.4,0.112197
356.467,0.1124
356.533,0.113032
356.6,0.112489
356.667,0.112844
356.733,0.113988
356.8,0.11547
356.867,0.117964
356.933,0.121811
357,0.12437
357.067,0.130629
357.133,0.133867
357.2,0.135401
357.267,0.137906
357.333,0.140918
357.4,0.141289
357.467,0.142447
357.533,0.142073
357.6,0.14258
357.667,0.143552
357.733,0.144285
357.8,0.144882
357.867,0.145924
357.933,0.14567
358,0.146888
358.067,0.146931
358.133,0.146857
358.2,0.147165
358.267,0.147844
358.333,0.148484
358.4,0.149069
358.467,0.149295
358.533,0.14988
358.6,0.150079
358.667,0.150189
358.733,0.150388
358.8,0.150509
358.867,0.150587
358.933,0.150743
359,0.15102
359.067,0.152221
359.133,0.156853
359.2,0.158254
359.267,0.162975
359.333,0.168188
359.4,0.170228
359.467,0.173373
359.533,0.176315
359.6,0.17781
359.667,0.179835
359.733,0.182866
359.8,0.18454
359.867,0.186831
359.933,0.186753
360,0.186499
360.067,0.185324
360.133,0.184536
360.2,0.1844
360.267,0.1844
360.333,0.183783
360.4,0.183717
360.467,0.183627
360.533,0.184279
360.6,0.184763
360.667,0.18525
360.733,0.186031
360.8,0.186031
360.867,0.186234
360.933,0.185929
361,0.186046
361.067,0.186074
361.133,0.189137
361.2,0.191189
361.267,0.19566
361.333,0.200545
361.4,0.202758
361.467,0.206504
361.533,0.208568
361.6,0.209024
361.667,0.2114
361.733,0.212583
361.8,0.213105
361.867,0.214116
361.933,0.213894
362,0.214081
362.067,0.216929
362.133,0.219785
362.2,0.219442
362.267,0.218888
362.333,0.219727
362.4,0.220468
362.467,0.223219
362.533,0.226153
362.6,0.227745
362.667,0.231011
362.733,0.234343
362.8,0.235478
362.867,0.237074
362.933,0.23693
363,0.234421
363.067,0.236969
363.133,0.232763
363.2,0.230644
363.267,0.227339
363.333,0.226676
363.4,0.226305
363.467,0.226005
363.533,0.224202
363.6,0.223277
363.667,0.222478
363.733,0.221892
363.8,0.221085
363.867,0.220718
363.933,0.219758
364,0.219255
364.067,0.218966
364.133,0.217811
364.2,0.217546
364.267,0.216289
364.333,0.214955
364.4,0.213964
364.467,0.213414
364.533,0.213113
364.6,0.21357
364.667,0.208209
364.733,0.207686
364.8,0.207877
364.867,0.207772
364.933,0.207506
365,0.2079
365.067,0.207354
365.133,0.20682
365.2,0.208146
365.267,0.211346
365.333,0.214924
365.4,0.21682
365.467,0.220757
365.533,0.225669
365.6,0.227542
365.667,0.232057
365.733,0.236029
365.8,0.238764
365.867,0.243138
365.933,0.247102
366,0.249306
366.067,0.253727
366.133,0.257742
366.2,0.261351
366.267,0.26505
366.333,0.26997
366.4,0.270969
366.467,0.271785
366.533,0.271707
366.6,0.272323
366.667,0.273447
366.733,0.274497
366.8,0.275979
366.867,0.276139
366.933,0.275948
367,0.275909
367.067,0.275472
367.133,0.2761
367.2,0.275847
367.267,0.276007
367.333,0.275784
367.4,0.27557
367.467,0.273607
367.533,0.271543
367.6,0.270766
367.667,0.269771
367.733,0.267653
367.8,0.266888
367.867,0.264746
367.933,0.263302
368,0.258121
368.067,0.259455
368.133,0.259865
368.2,0.260942
368.267,0.261968
368.333,0.262998
368.4,0.263587
368.467,0.264184
368.533,0.266872
368.6,0.268527
368.667,0.269494
368.733,0.271141
368.8,0.272296
368.867,0.27532
368.933,0.277458
369,0.278336
369.067,0.28047
369.133,0.282835
369.2,0.283471
369.267,0.285535
369.333,0.286854
369.4,0.287802
369.467,0.289265
369.533,0.290553
369.6,0.290986
369.667,0.290923
369.733,0.290677
369.8,0.291985
369.867,0.292804
369.933,0.293381
370,0.294029
370.067,0.294868
370.133,0.295828
370.2,0.296639
370.267,0.297486
370.333,0.29909
370.4,0.300791
370.467,0.302886
370.533,0.305145
370.6,0.306164
370.667,0.308938
370.733,0.310647
370.8,0.311864
370.867,0.313612
370.933,0.315153
371,0.316823
371.067,0.320452
371.133,0.323297
371.2,0.325384
371.267,0.328876
371.333,0.323855
371.4,0.325688
371.467,0.326633
371.533,0.327538
371.6,0.328619
371.667,0.330749
371.733,0.332446
371.8,0.334077
371.867,0.337889
371.933,0.340504
372,0.342337
372.067,0.344866
372.133,0.344721
372.2,0.343418
372.267,0.343211
372.333,0.343742
372.4,0.344483
372.467,0.346895
372.533,0.34851
372.6,0.349142
372.667,0.351042
372.733,0.352053
372.8,0.352049
372.867,0.352494
372.933,0.352381
373,0.356208
373.067,0.355728
373.133,0.350711
373.2,0.349614
373.267,0.346984
373.333,0.344569
373.4,0.343637
373.467,0.341604
373.533,0.340816
373.6,0.340531
373.667,0.339727
373.733,0.339138
373.8,0.339118
373.867,0.340359
373.933,0.342283
374,0.342778
374.067,0.343785
374.133,0.345677
374.2,0.346462
374.267,0.34819
374.333,0.349119
374.4,0.350071
374.467,0.351284
374.533,0.353145
374.6,0.353789
374.667,0.35082
374.733,0.351561
374.8,0.352666
374.867,0.352958
374.933,0.353906
375,0.35366
375.067,0.355182
375.133,0.355963
375.2,0.356333
375.267,0.356606
375.333,0.356645
375.4,0.356056
375.467,0.356193
375.533,0.355514
375.6,0.355771
375.667,0.355241
375.733,0.355955
375.8,0.356821
375.867,0.356427
375.933,0.355615
376,0.356372
376.067,0.35656
376.133,0.357554
376.2,0.358093
376.267,0.359357
376.333,0.370446
376.4,0.37059
376.467,0.372081
376.533,0.373735
376.6,0.374477
376.667,0.374785
376.733,0.375573
376.8,0.375909
376.867,0.375647
376.933,0.376022
377,0.376014
377.067,0.375877
377.133,0.375132
377.2,0.375394
377.267,0.37512
377.333,0.375117
377.4,0.375643
377.467,0.376822
377.533,0.37713
377.6,0.377169
377.667,0.377735
377.733,0.378679
377.8,0.378207
377.867,0.37905
377.933,0.379381
378,0.382175
378.067,0.382585
378.133,0.383392
378.2,0.383408
378.267,0.383837
378.333,0.384376
378.4,0.384216
378.467,0.384824
378.533,0.385015
378.6,0.385332
378.667,0.385925
378.733,0.38578
378.8,0.386358
378.867,0.386849
378.933,0.387286
379,0.387122
379.067,0.387337
379.133,0.38752
379.2,0.387766
379.267,0.388324
379.333,0.388578
379.4,0.388102
379.467,0.387786
379.533,0.38752
379.6,0.387883
379.667,0.381196
379.733,0.380657
379.8,0.381079
379.867,0.381278
379.933,0.381828
380,0.382772
380.067,0.382827
380.133,0.384422
380.2,0.384832
380.267,0.384836
380.333,0.385047
380.4,0.384996
380.467,0.385874
380.533,0.386545
380.6,0.387247
380.667,0.387649
380.733,0.388687
380.8,0.39095
380.867,0.392562
380.933,0.394263
381,0.396822
381.067,0.39825
381.133,0.398652
381.2,0.399729
381.267,0.39916
381.333,0.415812
381.4,0.415594
381.467,0.415855
381.533,0.41545
381.6,0.415387
381.667,0.415477
381.733,0.415551
381.8,0.41559
381.867,0.415617
381.933,0.415372
382,0.415516
382.067,0.414974
382.133,0.415262
382.2,0.414833
382.267,0.414564
382.333,0.414462
382.4,0.414408
382.467,0.414552
$,78
