Time(s),Queue Density,Dynamic Density
0.0666667,0.0450933,0
0.133333,0.0887,0
0.2,0.131214,0
0.266667,0.175141,0
0.333333,0.221877,0
0.4,0.270638,0
0.466667,0.321357,0
0.533333,0.37173,0
0.6,0.422691,0
0.666667,0.475787,0
0.733333,0.529734,0
0.8,0.583684,0
0.866667,0.639113,0
0.933333,0.695627,0
1,0.752418,0
1.06667,0.809014,0
1.13333,0.865598,0
1.2,0.922779,0
1.26667,0.980846,0
1.33333,1.03893,0
1.4,1.09724,0
1.46667,1.15601,0
1.53333,1.21531,0
1.6,1.27472,0
1.66667,1.33379,0
1.73333,1.39524,0
1.8,1.45718,0
1.86667,1.52144,0
1.93333,1.58711,0
2,1.65305,0
2.06667,1.71896,0
2.13333,1.78492,0
2.2,1.85076,0
2.26667,1.91662,0
2.33333,1.98275,0
2.4,2.04938,0
2.46667,2.11609,0
2.53333,2.18218,0
2.6,2.24868,0
2.66667,2.31481,0
2.73333,2.38061,0
2.8,2.4463,0
2.86667,2.51223,0
2.93333,2.57833,0
3,2.64239,0
3.06667,2.7071,0
3.13333,2.77259,0
3.2,2.83868,0
3.26667,2.90496,0
3.33333,2.97163,0
3.4,3.03848,0
3.46667,3.10538,0
3.53333,3.17349,0
3.6,3.24256,0
3.66667,3.31316,0
3.73333,3.3858,0
3.8,3.45982,0
3.86667,3.53546,0
3.93333,3.61272,0
4,3.69124,0
4.06667,3.77196,0
4.13333,3.85232,0
4.2,3.93277,0
4.26667,4.01284,0
4.33333,4.09149,0
4.4,4.1696,0
4.46667,4.2472,0
4.53333,4.32468,0
4.6,4.40223,0
4.66667,4.47724,0
4.73333,4.55285,0
4.8,4.62934,0
4.86667,4.70555,0
4.93333,4.78174,0
5,4.85751,0
5.06667,4.93272,0
5.13333,5.00736,0
5.2,5.08149,0
5.26667,5.15514,0
5.33333,5.22988,0
5.4,5.3051,0
5.46667,5.38154,0
5.53333,5.45879,0
5.6,5.53612,0
5.66667,5.61647,0
5.73333,5.70058,0
5.8,5.78617,0
5.86667,5.87565,0
5.93333,5.9678,0
6,6.0609,0
6.06667,6.15487,0
6.13333,6.24929,0
6.2,6.34467,0
6.26667,6.44076,0
6.33333,6.53495,0
6.4,6.62923,0
6.46667,6.7247,0
6.53333,6.82001,0
6.6,6.91586,0
6.66667,7.01169,0
6.73333,7.10778,0
6.8,7.20417,0
6.86667,7.30172,0
6.93333,7.39864,0
7,7.49555,0
7.06667,7.59228,0
7.13333,7.68894,0
7.2,7.78606,0
7.26667,7.88503,0
7.33333,7.98647,0
7.4,8.08947,0
7.46667,8.19473,0
7.53333,8.30285,0
7.6,8.41165,0
7.66667,8.52254,0
7.73333,8.63372,0
7.8,8.74548,0
7.86667,8.85821,0
7.93333,8.97081,0
8,9.08278,0
8.06667,9.19477,0
8.13333,9.30706,0
8.2,9.41959,0
8.26667,9.53279,0
8.33333,9.64604,0
8.4,9.7599,0
8.46667,9.87329,0
8.53333,9.98572,0
8.6,10.0985,0
8.66667,10.2109,0
8.73333,10.3233,0
8.8,10.4353,0
8.86667,10.5466,0
8.93333,10.6578,0
9,10.7687,0
9.06667,10.88,0
9.13333,10.9912,0
9.2,11.1026,0
9.26667,11.2146,0
9.33333,11.3264,0
9.4,11.4383,0
9.46667,11.5499,0
9.53333,11.6618,0
9.6,11.7741,0
9.66667,11.8867,0
9.73333,11.9993,0
9.8,12.1121,0
9.86667,12.2253,0
9.93333,12.3387,0
10,12.452,0
10.0667,12.565,0
10.1333,12.6767,0
10.2,12.7886,0
10.2667,12.8996,0
10.3333,13.0102,0
10.4,13.1208,0
10.4667,13.229,0
10.5333,13.3373,0
10.6,13.4452,0
10.6667,13.5536,0
10.7333,13.6615,0
10.8,13.7697,0
10.8667,13.8776,0
10.9333,13.9843,0
11,14.0913,0
11.0667,14.1979,0
11.1333,14.3041,0
11.2,14.4103,0
11.2667,14.5155,0
11.3333,14.6172,0
11.4,14.7189,0
11.4667,14.8203,0
11.5333,14.9218,0
11.6,15.0233,0
11.6667,15.1248,0
11.7333,15.2263,0
11.8,15.3285,0
11.8667,15.4301,0
11.9333,15.5315,0
12,15.6333,0
12.0667,15.7354,0
12.1333,15.8374,0
12.2,15.9395,0
12.2667,16.0412,0
12.3333,16.1436,0
12.4,16.2464,0
12.4667,16.3484,0
12.5333,16.45,0
12.6,16.5521,0
12.6667,16.6547,0
12.7333,16.7572,0
12.8,16.8598,0
12.8667,16.9619,0
12.9333,17.0639,0
13,17.166,0
13.0667,17.2684,0
13.1333,17.371,0
13.2,17.4733,0
13.2667,17.5759,0
13.3333,17.6786,0
13.4,17.7816,0
13.4667,17.8847,0
13.5333,17.988,0
13.6,18.0916,0
13.6667,18.1954,0
13.7333,18.2986,0
13.8,18.402,0
13.8667,18.5055,0
13.9333,18.6087,0
14,18.7121,0
14.0667,18.8163,0
14.1333,18.9205,0
14.2,19.0246,0
14.2667,19.1283,0
14.3333,19.232,0
14.4,19.3354,0
14.4667,19.4385,0
14.5333,19.5414,0
14.6,19.6447,0
14.6667,19.7464,0
14.7333,19.8485,0
14.8,19.9512,0
14.8667,20.0526,0
14.9333,20.1538,0
15,20.2552,0
15.0667,20.3567,0
15.1333,20.4582,0
15.2,20.5599,0
15.2667,20.6616,0
15.3333,20.7632,0
15.4,20.8647,0
15.4667,20.9664,0
15.5333,21.0687,0
15.6,21.1716,0
15.6667,21.2753,0
15.7333,21.3787,0
15.8,21.4819,0
15.8667,21.5843,0
15.9333,21.6853,0
16,21.7857,0
16.0667,21.8855,0
16.1333,21.9851,0
16.2,22.0847,0
16.2667,22.1843,0
16.3333,22.2824,0
16.4,22.3808,0
16.4667,22.4796,0
16.5333,22.5786,0
16.6,22.6773,0
16.6667,22.7758,0
16.7333,22.8742,0
16.8,22.9723,0
16.8667,23.0707,0
16.9333,23.1689,0
17,23.2672,0
17.0667,23.3658,0
17.1333,23.4647,0
17.2,23.5635,0
17.2667,23.6624,0
17.3333,23.7615,0
17.4,23.8609,0
17.4667,23.9606,0
17.5333,24.0604,0
17.6,24.1601,0
17.6667,24.2598,0
17.7333,24.3593,0
17.8,24.4589,0
17.8667,24.5583,0
17.9333,24.6578,0
18,24.756,0
18.0667,24.8542,0
18.1333,24.9525,0
18.2,25.0507,0
18.2667,25.149,0
18.3333,25.2473,0
18.4,25.346,0
18.4667,25.4453,0
18.5333,25.5471,0
18.6,25.6496,0
18.6667,25.7538,0
18.7333,25.8602,0
18.8,25.9673,0
18.8667,26.0757,0
18.9333,26.1862,0
19,26.2977,0
19.0667,26.4112,0
19.1333,26.5264,0
19.2,26.6415,0
19.2667,26.7562,0
19.3333,26.8703,0
19.4,26.9842,0
19.4667,27.0978,0
19.5333,27.211,0
19.6,27.3239,0
19.6667,27.4343,0
19.7333,27.5431,0
19.8,27.6511,0
19.8667,27.7574,0
19.9333,27.8614,0
20,27.9649,0
20.0667,28.0666,0
20.1333,28.1669,0
20.2,28.2662,0
20.2667,28.3646,0
20.3333,28.4627,0
20.4,28.5611,0
20.4667,28.6593,0
20.5333,28.7585,0
20.6,28.8577,0
20.6667,28.9568,0
20.7333,29.0567,0
20.8,29.1568,0
20.8667,29.2567,0
20.9333,29.3565,0
21,29.4565,0
21.0667,29.5569,0
21.1333,29.6567,0
21.2,29.7562,0
21.2667,29.855,0
21.3333,29.9516,0
21.4,30.0484,0
21.4667,30.1454,0
21.5333,30.2425,0
21.6,30.3396,0
21.6667,30.4367,0
21.7333,30.534,0
21.8,30.6312,0
21.8667,30.7288,0
21.9333,30.8269,0
22,30.9248,0
22.0667,31.0229,0
22.1333,31.1208,0
22.2,31.2188,0
22.2667,31.3168,0
22.3333,31.4148,0
22.4,31.5126,0
22.4667,31.6103,0
22.5333,31.708,0
22.6,31.8061,0
22.6667,31.9052,0
22.7333,32.0046,0
22.8,32.1043,0
22.8667,32.2044,0
22.9333,32.306,0
23,32.4081,0
23.0667,32.5111,0
23.1333,32.615,0
23.2,32.7195,0
23.2667,32.8236,0
23.3333,32.9271,0
23.4,33.0302,0
23.4667,33.1324,0
23.5333,33.234,0
23.6,33.3356,0
23.6667,33.4372,0
23.7333,33.539,0
23.8,33.6409,0
23.8667,33.7431,0
23.9333,33.8454,0
24,33.9476,0
24.0667,34.0502,0
24.1333,34.1529,0
24.2,34.2558,0
24.2667,34.3588,0
24.3333,34.4619,0
24.4,34.5649,0
24.4667,34.668,0
24.5333,34.771,0
24.6,34.8744,0
24.6667,34.9783,0
24.7333,35.0823,0
24.8,35.1865,0
24.8667,35.291,0
24.9333,35.3955,0
25,35.4999,0
25.0667,35.6044,0
25.1333,35.7087,0
25.2,35.8131,0
25.2667,35.9174,0
25.3333,36.0217,0
25.4,36.1263,0
25.4667,36.2309,0
25.5333,36.3354,0
25.6,36.4406,0
25.6667,36.5464,0
25.7333,36.6537,0
25.8,36.7613,0
25.8667,36.8689,0
25.9333,36.9766,0
26,37.0849,0
26.0667,37.1937,0
26.1333,37.303,0
26.2,37.4128,0
26.2667,37.5229,0
26.3333,37.6325,0
26.4,37.7423,0
26.4667,37.8531,0
26.5333,37.9645,0
26.6,38.0767,0
26.6667,38.1891,0
26.7333,38.3016,0
26.8,38.4139,0
26.8667,38.5269,0
26.9333,38.6404,0
27,38.7542,0
27.0667,38.8689,0
27.1333,38.9848,0
27.2,39.1015,0
27.2667,39.2209,0
27.3333,39.3435,0
27.4,39.468,0
27.4667,39.5957,0
27.5333,39.7261,0
27.6,39.8583,0
27.6667,39.9933,0
27.7333,40.1303,0
27.8,40.2684,0
27.8667,40.4087,0
27.9333,40.5516,0
28,40.6933,0
28.0667,40.8375,0
28.1333,40.9839,0
28.2,41.1316,0
28.2667,41.282,0
28.3333,41.4365,0
28.4,41.5925,0
28.4667,41.7518,0
28.5333,41.9136,0
28.6,42.0761,0
28.6667,42.2398,0
28.7333,42.405,0
28.8,42.5709,0
28.8667,42.7383,0
28.9333,42.9065,0
29,43.0753,0
29.0667,43.2459,0
29.1333,43.4177,0
29.2,43.589,0
29.2667,43.7604,0
29.3333,43.9328,0
29.4,44.1058,0
29.4667,44.2794,0
29.5333,44.4536,0
29.6,44.6285,0
29.6667,44.7953,0
29.7333,44.9638,0
29.8,45.1328,0
29.8667,45.3031,0
29.9333,45.4746,0
30,45.6463,0
30.0667,45.8178,0
30.1333,45.9907,0
30.2,46.1639,0
30.2667,46.3385,0
30.3333,46.5143,0
30.4,46.6905,0
30.4667,46.8678,0
30.5333,47.0459,0
30.6,47.2241,0
30.6667,47.4024,0
30.7333,47.5813,0
30.8,47.7599,0
30.8667,47.9384,0
30.9333,48.117,0
31,48.2968,0
31.0667,48.4763,0
31.1333,48.6557,0
31.2,48.8349,0
31.2667,49.0143,0
31.3333,49.1934,0
31.4,49.3727,0
31.4667,49.5513,0
31.5333,49.7307,0
31.6,49.9105,0
31.6667,50.0907,0
31.7333,50.2706,0
31.8,50.4506,0
31.8667,50.631,0
31.9333,50.8112,0
32,50.9915,0
32.0667,51.1729,0
32.1333,51.3538,0
32.2,51.5343,0
32.2667,51.7156,0
32.3333,51.8977,0
32.4,52.0799,0
32.4667,52.2629,0
32.5333,52.4461,0
32.6,52.629,0
32.6667,52.8114,0
32.7333,52.9944,0
32.8,53.1768,0
32.8667,53.3596,0
32.9333,53.5421,0
33,53.723,0
33.0667,53.9038,0
33.1333,54.0848,0
33.2,54.2658,0
33.2667,54.447,0
33.3333,54.6283,0
33.4,54.8107,0
33.4667,54.9969,0
33.5333,55.1863,0
33.6,55.3781,0
33.6667,55.5729,0
33.7333,55.7707,0
33.8,55.9698,0
33.8667,56.1711,0
33.9333,56.375,0
34,56.5811,0
34.0667,56.7903,0
34.1333,57.0011,0
34.2,57.2127,0
34.2667,57.427,0
34.3333,57.6433,0
34.4,57.8605,0
34.4667,58.0815,0
34.5333,58.3043,0
34.6,58.5291,0
34.6667,58.7609,0
34.7333,58.9953,0
34.8,59.2315,0
34.8667,59.4691,0
34.9333,59.7085,0
35,59.9498,0
35.0667,60.1929,0
35.1333,60.4372,0
35.2,60.6819,0
35.2667,60.9271,0
35.3333,61.1718,0
35.4,61.4161,0
35.4667,61.6597,0
35.5333,61.9024,0
35.6,62.1455,0
35.6667,62.3898,0
35.7333,62.6337,0
35.8,62.878,0
35.8667,63.1217,0
35.9333,63.365,0
36,63.6085,0
36.0667,63.8522,0
36.1333,64.0971,0
36.2,64.3426,0
36.2667,64.5877,0
36.3333,64.8283,0
36.4,65.0691,0
36.4667,65.3092,0
36.5333,65.5497,0
36.6,65.7892,0
36.6667,66.0277,0
36.7333,66.2658,0
36.8,66.5042,0
36.8667,66.7422,0
36.9333,66.9794,0
37,67.2162,0
37.0667,67.4531,0
37.1333,67.6897,0
37.2,67.9264,0
37.2667,68.1624,0
37.3333,68.3978,0
37.4,68.6328,0
37.4667,68.8676,0
37.5333,69.1022,0
37.6,69.3361,0
37.6667,69.5687,0
37.7333,69.8007,0
37.8,70.0334,0
37.8667,70.2658,0
37.9333,70.4988,0
38,70.7279,0
38.0667,70.9572,0
38.1333,71.188,0
38.2,71.4187,0
38.2667,71.6523,0
38.3333,71.8885,0
38.4,72.1263,0
38.4667,72.3658,0
38.5333,72.6075,0
38.6,72.8504,0
38.6667,73.0949,0
38.7333,73.3415,0
38.8,73.5898,0
38.8667,73.8407,0
38.9333,74.0938,0
39,74.3481,0
39.0667,74.6038,0
39.1333,74.8616,0
39.2,75.1201,0
39.2667,75.3803,0
39.3333,75.6424,0
39.4,75.9053,0
39.4667,76.17,0
39.5333,76.4363,0
39.6,76.7033,0
39.6667,76.9737,0
39.7333,77.2461,0
39.8,77.5205,0
39.8667,77.7966,0
39.9333,78.0749,0
40,78.3554,0
40.0667,78.6369,0
40.1333,78.9197,0
40.2,79.2031,0
40.2667,79.4873,0
40.3333,79.7736,0
40.4,80.0615,0
40.4667,80.3526,0
40.5333,80.6463,0
40.6,80.9424,0
40.6667,81.2421,0
40.7333,81.5446,0
40.8,81.8485,0
40.8667,82.1555,0
40.9333,82.4653,0
41,82.7768,0
41.0667,83.0906,0
41.1333,83.406,0
41.2,83.7227,0
41.2667,84.0407,0
41.3333,84.3665,0
41.4,84.6931,0
41.4667,85.0219,0
41.5333,85.3522,0
41.6,85.6839,0
41.6667,86.0174,0
41.7333,86.3523,0
41.8,86.6886,0
41.8667,87.0272,0
41.9333,87.3679,0
42,87.7096,0
42.0667,88.0546,0
42.1333,88.4014,0
42.2,88.749,0
42.2667,89.0985,0
42.3333,89.4491,0
42.4,89.8004,0
42.4667,90.1529,0
42.5333,90.5063,0
42.6,90.8604,0
42.6667,91.2151,0
42.7333,91.5701,0
42.8,91.9245,0
42.8667,92.2797,0
42.9333,92.6342,0
43,92.9863,0
43.0667,93.339,0
43.1333,93.6914,0
43.2,94.0449,0
43.2667,94.398,0
43.3333,94.7524,0
43.4,95.108,0
43.4667,95.4655,0
43.5333,95.8246,0
43.6,96.1845,0
43.6667,96.5458,0
43.7333,96.9083,0
43.8,97.2713,0
43.8667,97.6341,0
43.9333,97.9973,0
44,98.3613,0
44.0667,98.725,0
44.1333,99.0895,0
44.2,99.4546,0
44.2667,99.8202,0
44.3333,100.186,0
44.4,100.552,0
44.4667,100.919,0
44.5333,101.286,0
44.6,101.653,0
44.6667,102.017,0
44.7333,102.381,0
44.8,102.746,0
44.8667,103.111,0
44.9333,103.476,0
45,103.841,0
45.0667,104.206,0
45.1333,104.572,0
45.2,104.938,0
45.2667,105.304,0
45.3333,105.671,0
45.4,106.039,0
45.4667,106.406,0
45.5333,106.775,0
45.6,107.142,0
45.6667,107.511,0
45.7333,107.879,0
45.8,108.248,0
45.8667,108.616,0
45.9333,108.984,0
46,109.353,0
46.0667,109.721,0
46.1333,110.089,0
46.2,110.457,0
46.2667,110.826,0
46.3333,111.19,0
46.4,111.555,0
46.4667,111.92,0
46.5333,112.286,0
46.6,112.652,0
46.6667,113.019,0
46.7333,113.384,0
46.8,113.75,0
46.8667,114.116,0
46.9333,114.482,0
47,114.848,0
47.0667,115.214,0
47.1333,115.58,0
47.2,115.946,0
47.2667,116.312,0
47.3333,116.678,0
47.4,117.044,0
47.4667,117.411,0
47.5333,117.778,0
47.6,118.145,0
47.6667,118.513,0
47.7333,118.88,0
47.8,119.248,0
47.8667,119.616,0
47.9333,119.983,0
48,120.348,0
48.0667,120.712,0
48.1333,121.077,0
48.2,121.443,0
48.2667,121.808,0
48.3333,122.175,0
48.4,122.542,0
48.4667,122.91,0
48.5333,123.277,0
48.6,123.643,0
48.6667,124.011,0
48.7333,124.378,0
48.8,124.745,0
48.8667,125.112,0
48.9333,125.478,0
49,125.844,0
49.0667,126.21,0
49.1333,126.575,0
49.2,126.94,0
49.2667,127.305,0
49.3333,127.67,0
49.4,128.035,0
49.4667,128.4,0
49.5333,128.765,0
49.6,129.13,0
49.6667,129.49,0
49.7333,129.85,0
49.8,130.211,0
49.8667,130.573,0
49.9333,130.934,0
50,131.295,0
50.0667,131.655,0
50.1333,132.016,0
50.2,132.377,0
50.2667,132.738,0
50.3333,133.098,0
50.4,133.459,0
50.4667,133.819,0
50.5333,134.181,0
50.6,134.542,0
50.6667,134.904,0
50.7333,135.266,0
50.8,135.627,0
50.8667,135.989,0
50.9333,136.35,0
51,136.711,0
51.0667,137.072,0
51.1333,137.433,0
51.2,137.794,0
51.2667,138.155,0
51.3333,138.512,0
51.4,138.869,0
51.4667,139.226,0
51.5333,139.584,0
51.6,139.941,0
51.6667,140.299,0
51.7333,140.657,0
51.8,141.015,0
51.8667,141.373,0
51.9333,141.732,0
52,142.091,0
52.0667,142.45,0
52.1333,142.81,0
52.2,143.169,0
52.2667,143.529,0
52.3333,143.889,0
52.4,144.249,0
52.4667,144.608,0
52.5333,144.967,0
52.6,145.327,0
52.6667,145.687,0
52.7333,146.049,0
52.8,146.411,0
52.8667,146.774,0
52.9333,147.138,0
53,147.498,0
53.0667,147.859,0
53.1333,148.223,0
53.2,148.587,0
53.2667,148.954,0
53.3333,149.322,0
53.4,149.69,0
53.4667,150.06,0
53.5333,150.432,0
53.6,150.804,0
53.6667,151.177,0
53.7333,151.551,0
53.8,151.925,0
53.8667,152.3,0
53.9333,152.675,0
54,153.052,0
54.0667,153.43,0
54.1333,153.81,0
54.2,154.192,0
54.2667,154.577,0
54.3333,154.966,0
54.4,155.356,0
54.4667,155.748,0
54.5333,156.143,0
54.6,156.538,0
54.6667,156.939,0
54.7333,157.341,0
54.8,157.744,0
54.8667,158.148,0
54.9333,158.553,0
55,158.959,0
55.0667,159.366,0
55.1333,159.775,0
55.2,160.185,0
55.2667,160.596,0
55.3333,161.007,0
55.4,161.42,0
55.4667,161.832,0
55.5333,162.245,0
55.6,162.658,0
55.6667,163.072,0
55.7333,163.484,0
55.8,163.897,0
55.8667,164.31,0
55.9333,164.724,0
56,165.137,0
56.0667,165.551,0
56.1333,165.966,0
56.2,166.381,0
56.2667,166.796,0
56.3333,167.209,0
56.4,167.622,0
56.4667,168.035,0
56.5333,168.449,0
56.6,168.862,0
56.6667,169.275,0
56.7333,169.688,0
56.8,170.101,0
56.8667,170.515,0
56.9333,170.928,0
57,171.341,0
57.0667,171.755,0
57.1333,172.169,0
57.2,172.583,0
57.2667,172.996,0
57.3333,173.409,0
57.4,173.822,0
57.4667,174.235,0
57.5333,174.649,0
57.6,175.062,0
57.6667,175.476,0
57.7333,175.89,0
57.8,176.303,0
57.8667,176.716,0
57.9333,177.129,0
58,177.539,0
58.0667,177.949,0
58.1333,178.36,0
58.2,178.77,0
58.2667,179.181,0
58.3333,179.592,0
58.4,180.003,0
58.4667,180.414,0
58.5333,180.825,0
58.6,181.236,0
58.6667,181.646,0
58.7333,182.057,0
58.8,182.467,0
58.8667,182.878,0
58.9333,183.289,0
59,183.7,0
59.0667,184.111,0
59.1333,184.522,0
59.2,184.933,0
59.2667,185.345,0
59.3333,185.757,0
59.4,186.169,0
59.4667,186.581,0
59.5333,186.993,0
59.6,187.406,0
59.6667,187.819,0
59.7333,188.232,0
59.8,188.646,0
59.8667,189.06,0
59.9333,189.475,0
60,189.89,0
60.0667,190.305,0
60.1333,190.72,0
60.2,191.134,0
60.2667,191.549,0
60.3333,191.961,0
60.4,192.372,0
60.4667,192.785,0
60.5333,193.197,0
60.6,193.61,0
60.6667,194.023,0
60.7333,194.436,0
60.8,194.849,0
60.8667,195.261,0
60.9333,195.673,0
61,196.084,0
61.0667,196.494,0
61.1333,196.903,0
61.2,197.31,0
61.2667,197.717,0
61.3333,198.124,0
61.4,198.531,0
61.4667,198.938,0
61.5333,199.345,0
61.6,199.752,0
61.6667,200.159,0
61.7333,200.566,0
61.8,200.973,0
61.8667,201.381,0
61.9333,201.788,0
62,202.193,0
62.0667,202.599,0
62.1333,203.005,0
62.2,203.411,0
62.2667,203.817,0
62.3333,204.224,0
62.4,204.631,0
62.4667,205.04,0
62.5333,205.449,0
62.6,205.86,0
62.6667,206.272,0
62.7333,206.685,0
62.8,207.099,0
62.8667,207.512,0
62.9333,207.926,0
63,208.339,0
63.0667,208.752,0
63.1333,209.166,0
63.2,209.579,0
63.2667,209.992,0
63.3333,210.406,0
63.4,210.819,0
63.4667,211.233,0
63.5333,211.646,0
63.6,212.06,0
63.6667,212.47,0
63.7333,212.88,0
63.8,213.29,0
63.8667,213.701,0
63.9333,214.111,0
64,214.522,0
64.0667,214.934,0
64.1333,215.345,0
64.2,215.756,0
64.2667,216.168,0
64.3333,216.58,0
64.4,216.992,0
64.4667,217.404,0
64.5333,217.816,0
64.6,218.228,0
64.6667,218.641,0
64.7333,219.054,0
64.8,219.467,0
64.8667,219.881,0
64.9333,220.294,0
65,220.709,0
65.0667,221.123,0
65.1333,221.538,0
65.2,221.952,0
65.2667,222.367,0
65.3333,222.779,0
65.4,223.191,0
65.4667,223.605,0
65.5333,224.018,0
65.6,224.432,0
65.6667,224.846,0
65.7333,225.26,0
65.8,225.673,0
65.8667,226.086,0
65.9333,226.499,0
66,226.912,0
66.0667,227.325,0
66.1333,227.738,0
66.2,228.151,0
66.2667,228.564,0
66.3333,228.977,0
66.4,229.39,0
66.4667,229.803,0
66.5333,230.216,0
66.6,230.629,0
66.6667,231.042,0
66.7333,231.456,0
66.8,231.871,0
66.8667,232.286,0
66.9333,232.701,0
67,233.112,0
67.0667,233.523,0
67.1333,233.935,0
67.2,234.347,0
67.2667,234.759,0
67.3333,235.172,0
67.4,235.58,0
67.4667,235.987,0
67.5333,236.395,0
67.6,236.802,0
67.6667,237.21,0
67.7333,237.617,0
67.8,238.024,0
67.8667,238.432,0
67.9333,238.84,0
68,239.247,0
68.0667,239.654,0
68.1333,240.061,0
68.2,240.468,0
68.2667,240.875,0
68.3333,241.281,0
68.4,241.688,0
68.4667,242.095,0
68.5333,242.501,0
68.6,242.908,0
68.6667,243.315,0
68.7333,243.721,0
68.8,244.127,0
68.8667,244.533,0
68.9333,244.939,0
69,245.344,0
69.0667,245.748,0
69.1333,246.151,0
69.2,246.555,0
69.2667,246.959,0
69.3333,247.363,0
69.4,247.768,0
69.4667,248.172,0
69.5333,248.577,0
69.6,248.982,0
69.6667,249.387,0
69.7333,249.793,0
69.8,250.198,0
69.8667,250.604,0
69.9333,251.01,0
70,251.416,0
70.0667,251.822,0
70.1333,252.227,0
70.2,252.632,0
70.2667,253.038,0
70.3333,253.443,0
70.4,253.849,0
70.4667,254.254,0
70.5333,254.66,0
70.6,255.065,0
70.6667,255.47,0
70.7333,255.876,0
70.8,256.281,0
70.8667,256.686,0
70.9333,257.09,0
71,257.495,0
71.0667,257.899,0
71.1333,258.303,0
71.2,258.707,0
71.2667,259.111,0
71.3333,259.515,0
71.4,259.92,0
71.4667,260.324,0
71.5333,260.729,0
71.6,261.134,0
71.6667,261.54,0
71.7333,261.945,0
71.8,262.35,0
71.8667,262.756,0
71.9333,263.161,0
72,263.566,0
72.0667,263.972,0
72.1333,264.377,0
72.2,264.782,0
72.2667,265.188,0
72.3333,265.594,0
72.4,265.994,0
72.4667,266.395,0
72.5333,266.796,0
72.6,267.198,0
72.6667,267.6,0
72.7333,268.003,0
72.8,268.407,0
72.8667,268.811,0
72.9333,269.215,0
73,269.62,0
73.0667,270.024,0
73.1333,270.428,0
73.2,270.833,0
73.2667,271.238,0
73.3333,271.643,0
73.4,272.047,0
73.4667,272.452,0
73.5333,272.856,0
73.6,273.26,0
73.6667,273.664,0
73.7333,274.068,0
73.8,274.472,0
73.8667,274.876,0
73.9333,275.281,0
74,275.685,0
74.0667,276.087,0
74.1333,276.49,0
74.2,276.893,0
74.2667,277.295,0
74.3333,277.698,0
74.4,278.101,0
74.4667,278.503,0
74.5333,278.906,0
74.6,279.308,0
74.6667,279.71,0
74.7333,280.112,0
74.8,280.515,0
74.8667,280.917,0
74.9333,281.32,0
75,281.722,0
75.0667,282.123,0
75.1333,282.525,0
75.2,282.928,0
75.2667,283.331,0
75.3333,283.734,0
75.4,284.137,0
75.4667,284.539,0
75.5333,284.942,0
75.6,285.345,0
75.6667,285.748,0
75.7333,286.15,0
75.8,286.552,0
75.8667,286.954,0
75.9333,287.356,0
76,287.758,0
76.0667,288.161,0
76.1333,288.564,0
76.2,288.967,0
76.2667,289.37,0
76.3333,289.772,0
76.4,290.175,0
76.4667,290.578,0
76.5333,290.982,0
76.6,291.386,0
76.6667,291.79,0
76.7333,292.194,0
76.8,292.598,0
76.8667,293.001,0
76.9333,293.405,0
77,293.808,0
77.0667,294.211,0
77.1333,294.615,0
77.2,295.018,0
77.2667,295.422,0
77.3333,295.826,0
77.4,296.228,0
77.4667,296.631,0
77.5333,297.033,0
77.6,297.436,0
77.6667,297.838,0
77.7333,298.24,0
77.8,298.642,0
77.8667,299.045,0
77.9333,299.447,0
78,299.85,0
78.0667,300.252,0
78.1333,300.655,0
78.2,301.057,0
78.2667,301.46,0
78.3333,301.864,0
78.4,302.267,0
78.4667,302.67,0
78.5333,303.073,0
78.6,303.476,0
78.6667,303.878,0
78.7333,304.282,0
78.8,304.685,0
78.8667,305.088,0
78.9333,305.491,0
79,305.895,0
79.0667,306.294,0
79.1333,306.695,0
79.2,307.095,0
79.2667,307.496,0
79.3333,307.897,0
79.4,308.299,0
79.4667,308.7,0
79.5333,309.103,0
79.6,309.506,0
79.6667,309.909,0
79.7333,310.314,0
79.8,310.718,0
79.8667,311.123,0
79.9333,311.528,0
80,311.932,0
80.0667,312.337,0
80.1333,312.741,0
80.2,313.145,0
80.2667,313.55,0
80.3333,313.955,0
80.4,314.36,0
80.4667,314.765,0
80.5333,315.17,0
80.6,315.576,0
80.6667,315.981,0
80.7333,316.384,0
80.8,316.788,0
80.8667,317.191,0
80.9333,317.595,0
81,317.999,0
81.0667,318.402,0
81.1333,318.806,0
81.2,319.21,0
81.2667,319.614,0
81.3333,320.018,0
81.4,320.422,0
81.4667,320.826,0
81.5333,321.23,0
81.6,321.635,0
81.6667,322.039,0
81.7333,322.444,0
81.8,322.849,0
81.8667,323.255,0
81.9333,323.661,0
82,324.067,0
82.0667,324.473,0
82.1333,324.88,0
82.2,325.286,0
82.2667,325.694,0
82.3333,326.102,0
82.4,326.507,0
82.4667,326.912,0
82.5333,327.318,0
82.6,327.724,0
82.6667,328.131,0
82.7333,328.539,0
82.8,328.947,0
82.8667,329.355,0
82.9333,329.763,0
83,330.17,0
83.0667,330.578,0
83.1333,330.985,0
83.2,331.393,0
83.2667,331.801,0
83.3333,332.209,0
83.4,332.617,0
83.4667,333.024,0
83.5333,333.431,0
83.6,333.839,0
83.6667,334.246,0
83.7333,334.654,0
83.8,335.061,0
83.8667,335.469,0
83.9333,335.876,0
84,336.283,0
84.0667,336.689,0
84.1333,337.096,0
84.2,337.502,0
84.2667,337.909,0
84.3333,338.315,0
84.4,338.722,0
84.4667,339.129,0
84.5333,339.536,0
84.6,339.943,0
84.6667,340.35,0
84.7333,340.757,0
84.8,341.165,0
84.8667,341.572,0
84.9333,341.98,0
85,342.388,0
85.0667,342.797,0
85.1333,343.206,0
85.2,343.616,0
85.2667,344.026,0
85.3333,344.436,0
85.4,344.845,0
85.4667,345.254,0
85.5333,345.662,0
85.6,346.071,0
85.6667,346.479,0
85.7333,346.886,0
85.8,347.293,0
85.8667,347.701,0
85.9333,348.11,0
86,348.517,0
86.0667,348.925,0
86.1333,349.333,0
86.2,349.741,0
86.2667,350.15,0
86.3333,350.558,0
86.4,350.966,0
86.4667,351.374,0
86.5333,351.783,0
86.6,352.191,0
86.6667,352.601,0
86.7333,353.01,0
86.8,353.42,0
86.8667,353.83,0
86.9333,354.239,0
87,354.648,0
87.0667,355.057,0
87.1333,355.466,0
87.2,355.875,0
87.2667,356.284,0
87.3333,356.692,0
87.4,357.098,0
87.4667,357.504,0
87.5333,357.91,0
87.6,358.315,0
87.6667,358.72,0
87.7333,359.124,0
87.8,359.529,0
87.8667,359.933,0
87.9333,360.337,0
88,360.742,0
88.0667,361.147,0
88.1333,361.552,0
88.2,361.957,0
88.2667,362.361,0
88.3333,362.765,0
88.4,363.169,0
88.4667,363.573,0
88.5333,363.977,0
88.6,364.381,0
88.6667,364.785,0
88.7333,365.189,0
88.8,365.593,0
88.8667,365.997,0
88.9333,366.4,0
89,366.804,0
89.0667,367.206,0
89.1333,367.607,0
89.2,368.008,0
89.2667,368.41,0
89.3333,368.812,0
89.4,369.215,0
89.4667,369.618,0
89.5333,370.022,0
89.6,370.426,0
89.6667,370.83,0
89.7333,371.234,0
89.8,371.639,0
89.8667,372.044,0
89.9333,372.449,0
90,372.855,0
90.0667,373.262,0
90.1333,373.668,0
90.2,374.076,0
90.2667,374.484,0
90.3333,374.892,0
90.4,375.301,0
90.4667,375.711,0
90.5333,376.121,0
90.6,376.531,0
90.6667,376.941,0
90.7333,377.347,0
90.8,377.754,0
90.8667,378.161,0
90.9333,378.568,0
91,378.976,0
91.0667,379.383,0
91.1333,379.791,0
91.2,380.198,0
91.2667,380.605,0
91.3333,381.011,0
91.4,381.418,0
91.4667,381.823,0
91.5333,382.227,0
91.6,382.632,0
91.6667,383.036,0
91.7333,383.439,0
91.8,383.842,0
91.8667,384.245,0
91.9333,384.647,0
92,385.048,0
92.0667,385.449,0
92.1333,385.849,0
92.2,386.249,0
92.2667,386.648,0
92.3333,387.047,0
92.4,387.442,0
92.4667,387.837,0
92.5333,388.232,0
92.6,388.627,0
92.6667,389.022,0
92.7333,389.417,0
92.8,389.812,0
92.8667,390.206,0
92.9333,390.6,0
93,390.993,0
93.0667,391.386,0
93.1333,391.779,0
93.2,392.172,0
93.2667,392.565,0
93.3333,392.958,0
93.4,393.351,0
93.4667,393.744,0
93.5333,394.138,0
93.6,394.531,0
93.6667,394.925,0
93.7333,395.319,0
93.8,395.712,0
93.8667,396.106,0
93.9333,396.5,0
94,396.894,0
94.0667,397.285,0
94.1333,397.677,0
94.2,398.069,0
94.2667,398.463,0
94.3333,398.857,0
94.4,399.253,0
94.4667,399.648,0
94.5333,400.044,0
94.6,400.441,0
94.6667,400.837,0
94.7333,401.234,0
94.8,401.634,0
94.8667,402.034,0
94.9333,402.434,0
95,402.837,0
95.0667,403.242,0
95.1333,403.647,0
95.2,404.054,0
95.2667,404.463,0
95.3333,404.873,0
95.4,405.285,0
95.4667,405.698,0
95.5333,406.113,0
95.6,406.529,0
95.6667,406.948,0
95.7333,407.367,0
95.8,407.788,0
95.8667,408.211,0
95.9333,408.635,0
96,409.06,0
96.0667,409.488,0
96.1333,409.915,0
96.2,410.344,0
96.2667,410.775,0
96.3333,411.206,0
96.4,411.639,0
96.4667,412.074,0
96.5333,412.509,0
96.6,412.946,0
96.6667,413.385,0
96.7333,413.824,0
96.8,414.265,0
96.8667,414.707,0
96.9333,415.152,0
97,415.595,0
97.0667,416.041,0
97.1333,416.487,0
97.2,416.933,0
97.2667,417.38,0
97.3333,417.828,0
97.4,418.268,0
97.4667,418.708,0
97.5333,419.15,0
97.6,419.594,0
97.6667,420.039,0
97.7333,420.483,0
97.8,420.929,0
97.8667,421.377,0
97.9333,421.824,0
98,422.271,0
98.0667,422.719,0
98.1333,423.169,0
98.2,423.622,0
98.2667,424.073,0
98.3333,424.521,0
98.4,424.97,0
98.4667,425.416,0
98.5333,425.86,0
98.6,426.301,0
98.6667,426.741,0
98.7333,427.178,0
98.8,427.613,0
98.8667,428.046,0
98.9333,428.479,0
99,428.911,0
99.0667,429.337,0
99.1333,429.763,0
99.2,430.186,0
99.2667,430.606,0
99.3333,431.024,0
99.4,431.443,0
99.4667,431.86,0
99.5333,432.276,0
99.6,432.692,0
99.6667,433.111,0
99.7333,433.529,0
99.8,433.947,0
99.8667,434.365,0
99.9333,434.783,0
100,435.201,0
100.067,435.621,0
100.133,436.041,0
100.2,436.461,0
100.267,436.879,0
100.333,437.3,0
100.4,437.722,0
100.467,438.144,0
100.533,438.567,0
100.6,438.993,0
100.667,439.42,0
100.733,439.84,0
100.8,440.262,0
100.867,440.684,0
100.933,441.106,0
101,441.529,0
101.067,441.934,0
101.133,442.339,0
101.2,442.743,0
101.267,443.142,0
101.333,443.541,0
101.4,443.936,0
101.467,444.311,0
101.533,444.684,0
101.6,445.055,0
101.667,445.422,0
101.733,445.787,0
101.8,446.149,0
101.867,446.511,0
101.933,446.873,0
102,447.233,0
102.067,447.589,0
102.133,447.945,0
102.2,448.302,0
102.267,448.656,0
102.333,449.013,0
102.4,449.364,0
102.467,449.715,0
102.533,450.067,0
102.6,450.416,0
102.667,450.763,0
102.733,451.113,0
102.8,451.46,0
102.867,451.807,0
102.933,452.154,0
103,452.502,0
103.067,452.85,0
103.133,453.197,0
103.2,453.544,0
103.267,453.89,0
103.333,454.224,0
103.4,454.557,0
103.467,454.89,0
103.533,455.224,0
103.6,455.558,0
103.667,455.893,0
103.733,456.23,0
103.8,456.568,0
103.867,456.908,0
103.933,457.247,0
104,457.587,0
104.067,457.924,0
104.133,458.262,0
104.2,458.598,0
104.267,458.935,0
104.333,459.271,0
104.4,459.61,0
104.467,459.95,0
104.533,460.291,0
104.6,460.632,0
104.667,460.976,0
104.733,461.318,0
104.8,461.66,0
104.867,462,0
104.933,462.343,0
105,462.689,0
105.067,463.035,0
105.133,463.382,0
105.2,463.733,0
105.267,464.086,0
105.333,464.44,0
105.4,464.797,0
105.467,465.157,0
105.533,465.519,0
105.6,465.88,0
105.667,466.244,0
105.733,466.605,0
105.8,466.969,0
105.867,467.336,0
105.933,467.702,0
106,468.069,0
106.067,468.435,0
106.133,468.798,0
106.2,469.155,0
106.267,469.508,0
106.333,469.861,0
106.4,470.21,0
106.467,470.559,0
106.533,470.911,0
106.6,471.265,0
106.667,471.617,0
106.733,471.972,0
106.8,472.329,0
106.867,472.691,0
106.933,473.056,0
107,473.423,0
107.067,473.793,0
107.133,474.165,0
107.2,474.541,0
107.267,474.915,0
107.333,475.292,0
107.4,475.662,0
107.467,476.031,0
107.533,476.399,0
107.6,476.762,0
107.667,477.123,0
107.733,477.482,0
107.8,477.838,0
107.867,478.19,0
107.933,478.54,0
108,478.882,0
108.067,479.216,0
108.133,479.549,0
108.2,479.876,0
108.267,480.198,0
108.333,480.518,0
108.4,480.836,0
108.467,481.145,0
108.533,481.451,0
108.6,481.753,0
108.667,482.051,0
108.733,482.347,0
108.8,482.642,0
108.867,482.932,0
108.933,483.22,0
109,483.503,0
109.067,483.779,0
109.133,484.056,0
109.2,484.33,0
109.267,484.607,0
109.333,484.883,0
109.4,485.154,0
109.467,485.422,0
109.533,485.688,0
109.6,485.952,0
109.667,486.213,0
109.733,486.477,0
109.8,486.736,0
109.867,486.993,0
109.933,487.249,0
110,487.503,0
110.067,487.761,0
110.133,488.021,0
110.2,488.279,0
110.267,488.537,0
110.333,488.796,0
110.4,489.056,0
110.467,489.319,0
110.533,489.58,0
110.6,489.844,0
110.667,490.109,0
110.733,490.368,0
110.8,490.626,0
110.867,490.888,0
110.933,491.151,0
111,491.414,0
111.067,491.682,0
111.133,491.951,0
111.2,492.221,0
111.267,492.493,0
111.333,492.766,0
111.4,493.039,0
111.467,493.313,0
111.533,493.588,0
111.6,493.866,0
111.667,494.147,0
111.733,494.432,0
111.8,494.719,0
111.867,495.007,0
111.933,495.298,0
112,495.592,0
112.067,495.888,0
112.133,496.186,0
112.2,496.485,0
112.267,496.785,0
112.333,497.085,0
112.4,497.381,0
112.467,497.68,0
112.533,497.979,0
112.6,498.283,0
112.667,498.588,0
112.733,498.895,0
112.8,499.211,0
112.867,499.534,0
112.933,499.864,0
113,500.198,0
113.067,500.534,0
113.133,500.87,0
113.2,501.208,0
113.267,501.547,0
113.333,501.885,0
113.4,502.218,0
113.467,502.552,0
113.533,502.882,0
113.6,503.208,0
113.667,503.535,0
113.733,503.862,0
113.8,504.185,0
113.867,504.505,0
113.933,504.823,0
114,505.132,0
114.067,505.426,0
114.133,505.717,0
114.2,506.003,0
114.267,506.284,0
114.333,506.563,0
114.4,506.838,0
114.467,507.111,0
114.533,507.384,0
114.6,507.656,0
114.667,507.924,0
114.733,508.191,0
114.8,508.455,0
114.867,508.719,0
114.933,508.983,0
115,509.249,0
115.067,509.513,0
115.133,509.776,0
115.2,510.04,0
115.267,510.305,0
115.333,510.571,0
115.4,510.829,0
115.467,511.079,0
115.533,511.327,0
115.6,511.569,0
115.667,511.809,0
115.733,512.042,0
115.8,512.275,0
115.867,512.503,0
115.933,512.731,0
116,512.959,0
116.067,513.186,0
116.133,513.411,0
116.2,513.634,0
116.267,513.856,0
116.333,514.078,0
116.4,514.298,0
116.467,514.517,0
116.533,514.733,0
116.6,514.948,0
116.667,515.161,0
116.733,515.374,0
116.8,515.586,0
116.867,515.797,0
116.933,516.008,0
117,516.217,0
117.067,516.426,0
117.133,516.634,0
117.2,516.839,0
117.267,517.042,0
117.333,517.244,0
117.4,517.445,0
117.467,517.642,0
117.533,517.837,0
117.6,518.031,0
117.667,518.224,0
117.733,518.418,0
117.8,518.616,0
117.867,518.817,0
117.933,519.021,0
118,519.226,0
118.067,519.434,0
118.133,519.645,0
118.2,519.86,0
118.267,520.074,0
118.333,520.287,0
118.4,520.499,0
118.467,520.709,0
118.533,520.917,0
118.6,521.122,0
118.667,521.323,0
118.733,521.523,0
118.8,521.72,0
118.867,521.91,0
118.933,522.098,0
119,522.281,0
119.067,522.461,0
119.133,522.641,0
119.2,522.819,0
119.267,522.994,0
119.333,523.167,0
119.4,523.337,0
119.467,523.504,0
119.533,523.669,0
119.6,523.831,0
119.667,523.99,0
119.733,524.147,0
119.8,524.303,0
119.867,524.456,0
119.933,524.611,0
120,524.763,0
120.067,524.914,0
120.133,525.067,0
120.2,525.22,0
120.267,525.375,0
120.333,525.53,0
120.4,525.685,0
120.467,525.84,0
120.533,525.996,0
120.6,526.152,0
120.667,526.308,0
120.733,526.461,0
120.8,526.613,0
120.867,526.763,0
120.933,526.911,0
121,527.056,0
121.067,527.195,0
121.133,527.333,0
121.2,527.467,0
121.267,527.6,0
121.333,527.735,0
121.4,527.871,0
121.467,528.01,0
121.533,528.151,0
121.6,528.295,0
121.667,528.44,0
121.733,528.585,0
121.8,528.73,0
121.867,528.875,0
121.933,529.021,0
122,529.166,0
122.067,529.312,0
122.133,529.456,0
122.2,529.599,0
122.267,529.74,0
122.333,529.879,0
122.4,530.016,0
122.467,530.152,0
122.533,530.288,0
122.6,530.422,0
122.667,530.555,0
122.733,530.687,0
122.8,530.818,0
122.867,530.944,0
122.933,531.069,0
123,531.191,0
123.067,531.31,0
123.133,531.43,0
123.2,531.548,0
123.267,531.663,0
123.333,531.778,0
123.4,531.891,0
123.467,532.002,0
123.533,532.113,0
123.6,532.219,0
123.667,532.323,0
123.733,532.428,0
123.8,532.535,0
123.867,532.644,0
123.933,532.754,0
124,532.863,0
124.067,532.97,0
124.133,533.077,0
124.2,533.183,0
124.267,533.287,0
124.333,533.388,0
124.4,533.488,0
124.467,533.582,0
124.533,533.677,0
124.6,533.775,0
124.667,533.875,0
124.733,533.977,0
124.8,534.078,0
124.867,534.178,0
124.933,534.281,0
125,534.383,0
125.067,534.488,0
125.133,534.594,0
125.2,534.702,0
125.267,534.811,0
125.333,534.923,0
125.4,535.035,0
125.467,535.146,0
125.533,535.26,0
125.6,535.375,0
125.667,535.496,0
125.733,535.618,0
125.8,535.746,0
125.867,535.882,0
125.933,536.023,0
126,536.169,0
126.067,536.32,0
126.133,536.471,0
126.2,536.62,0
126.267,536.771,0
126.333,536.923,0
126.4,537.074,0
126.467,537.224,0
126.533,537.376,0
126.6,537.529,0
126.667,537.687,0
126.733,537.847,0
126.8,538.015,0
126.867,538.19,0
126.933,538.367,0
127,538.552,0
127.067,538.744,0
127.133,538.937,0
127.2,539.132,0
127.267,539.329,0
127.333,539.527,0
127.4,539.723,0
127.467,539.919,0
127.533,540.116,0
127.6,540.31,0
127.667,540.502,0
127.733,540.692,0
127.8,540.88,0
127.867,541.066,0
127.933,541.252,0
128,541.434,0
128.067,541.611,0
128.133,541.787,0
128.2,541.96,0
128.267,542.131,0
128.333,542.298,0
128.4,542.461,0
128.467,542.623,0
128.533,542.781,0
128.6,542.94,0
128.667,543.097,0
128.733,543.254,0
128.8,543.414,0
128.867,543.57,0
128.933,543.725,0
129,543.878,0
129.067,544.022,0
129.133,544.163,0
129.2,544.301,0
129.267,544.441,0
129.333,544.581,0
129.4,544.72,0
129.467,544.857,0
129.533,544.994,0
129.6,545.129,0
129.667,545.261,0
129.733,545.389,0
129.8,545.51,0
129.867,545.623,0
129.933,545.733,0
130,545.836,0
130.067,545.931,0
130.133,546.024,0
130.2,546.114,0
130.267,546.196,0
130.333,546.276,0
130.4,546.351,0
130.467,546.423,0
130.533,546.493,0
130.6,546.557,0
130.667,546.618,0
130.733,546.676,0
130.8,546.733,0
130.867,546.787,0
130.933,546.84,0
131,546.89,0
131.067,546.936,0
131.133,546.981,0
131.2,547.023,0
131.267,547.062,0
131.333,547.1,0
131.4,547.136,0
131.467,547.168,0
131.533,547.198,0
131.6,547.225,0
131.667,547.246,0
131.733,547.266,0
131.8,547.281,0
131.867,547.294,0
131.933,547.306,0
132,547.317,0
132.067,547.329,0
132.133,547.341,0
132.2,547.353,0
132.267,547.366,0
132.333,547.378,0
132.4,547.39,0
132.467,547.402,0
132.533,547.414,0
132.6,547.425,0
132.667,547.436,0
132.733,547.448,0
132.8,547.46,0
132.867,547.471,0
132.933,547.482,0
133,547.494,0
133.067,547.506,0
133.133,547.517,0
133.2,547.529,0
133.267,547.543,0
133.333,547.556,0
133.4,547.571,0
133.467,547.597,0
133.533,547.629,0
133.6,547.672,0
133.667,547.728,0
133.733,547.791,0
133.8,547.864,0
133.867,547.943,0
133.933,548.025,0
134,548.108,0
134.067,548.192,0
134.133,548.273,0
134.2,548.349,0
134.267,548.426,0
134.333,548.505,0
134.4,548.585,0
134.467,548.668,0
134.533,548.75,0
134.6,548.826,0
134.667,548.897,0
134.733,548.962,0
134.8,549.021,0
134.867,549.075,0
134.933,549.133,0
135,549.2,0
135.067,549.277,0
135.133,549.358,0
135.2,549.447,0
135.267,549.545,0
135.333,549.647,0
135.4,549.754,0
135.467,549.863,0
135.533,549.969,0
135.6,550.073,0
135.667,550.178,0
135.733,550.279,0
135.8,550.38,0
135.867,550.483,0
135.933,550.587,0
136,550.695,0
136.067,550.813,0
136.133,550.934,0
136.2,551.057,0
136.267,551.178,0
136.333,551.297,0
136.4,551.414,0
136.467,551.528,0
136.533,551.642,0
136.6,551.753,0
136.667,551.862,0
136.733,551.97,0
136.8,552.076,0
136.867,552.179,0
136.933,552.277,0
137,552.367,0
137.067,552.454,0
137.133,552.538,0
137.2,552.615,0
137.267,552.683,0
137.333,552.75,0
137.4,552.809,0
137.467,552.863,0
137.533,552.915,0
137.6,552.961,0
137.667,553.005,0
137.733,553.048,0
137.8,553.092,0
137.867,553.136,0
137.933,553.179,0
138,553.221,0
138.067,553.262,0
138.133,553.304,0
138.2,553.344,0
138.267,553.382,0
138.333,553.418,0
138.4,553.453,0
138.467,553.486,0
138.533,553.519,0
138.6,553.55,0
138.667,553.576,0
138.733,553.601,0
138.8,553.622,0
138.867,553.639,0
138.933,553.655,0
139,553.67,0
139.067,553.686,0
139.133,553.701,0
139.2,553.716,0
139.267,553.731,0
139.333,553.745,0
139.4,553.759,0
139.467,553.773,0
139.533,553.786,0
139.6,553.8,0
139.667,553.815,0
139.733,553.83,0
139.8,553.845,0
139.867,553.86,0
139.933,553.876,0
140,553.893,0
140.067,553.914,0
140.133,553.937,0
140.2,553.965,0
140.267,553.999,0
140.333,554.035,0
140.4,554.077,0
140.467,554.124,0
140.533,554.174,0
140.6,554.231,0
140.667,554.297,0
140.733,554.366,0
140.8,554.445,0
140.867,554.532,0
140.933,554.622,0
141,554.72,0
141.067,554.825,0
141.133,554.936,0
141.2,555.053,0
141.267,555.181,0
141.333,555.313,0
141.4,555.452,0
141.467,555.597,0
141.533,555.747,0
141.6,555.905,0
141.667,556.067,0
141.733,556.232,0
141.8,556.405,0
141.867,556.586,0
141.933,556.768,0
142,556.949,0
142.067,557.131,0
142.133,557.313,0
142.2,557.492,0
142.267,557.673,0
142.333,557.854,0
142.4,558.032,0
142.467,558.211,0
142.533,558.389,0
142.6,558.569,0
142.667,558.748,0
142.733,558.927,0
142.8,559.107,0
142.867,559.289,0
142.933,559.472,0
143,559.654,0
143.067,559.835,0
143.133,560.016,0
143.2,560.194,0
143.267,560.374,0
143.333,560.554,0
143.4,560.735,0
143.467,560.916,0
143.533,561.098,0
143.6,561.279,0
143.667,561.464,0
143.733,561.654,0
143.8,561.849,0
143.867,562.05,0
143.933,562.253,0
144,562.456,0
144.067,562.655,0
144.133,562.855,0
144.2,563.05,0
144.267,563.24,0
144.333,563.428,0
144.4,563.61,0
144.467,563.786,0
144.533,563.959,0
144.6,564.13,0
144.667,564.296,0
144.733,564.46,0
144.8,564.62,0
144.867,564.774,0
144.933,564.926,0
145,565.073,0
145.067,565.211,0
145.133,565.346,0
145.2,565.472,0
145.267,565.588,0
145.333,565.7,0
145.4,565.807,0
145.467,565.91,0
145.533,566.011,0
145.6,566.11,0
145.667,566.204,0
145.733,566.296,0
145.8,566.383,0
145.867,566.464,0
145.933,566.543,0
146,566.617,0
146.067,566.684,0
146.133,566.748,0
146.2,566.805,0
146.267,566.855,0
146.333,566.902,0
146.4,566.943,0
146.467,566.979,0
146.533,567.014,0
146.6,567.045,0
146.667,567.072,0
146.733,567.098,0
146.8,567.119,0
146.867,567.135,0
146.933,567.15,0
147,567.165,0
147.067,567.179,0
147.133,567.193,0
147.2,567.206,0
147.267,567.22,0
147.333,567.233,0
147.4,567.246,0
147.467,567.257,0
147.533,567.268,0
147.6,567.278,0
147.667,567.286,0
147.733,567.293,0
147.8,567.299,0
147.867,567.304,0
147.933,567.31,0
148,567.315,0
148.067,567.321,0
148.133,567.327,0
148.2,567.333,0
148.267,567.34,0
148.333,567.347,0
148.4,567.354,0
148.467,567.362,0
148.533,567.369,0
148.6,567.377,0
148.667,567.384,0
148.733,567.391,0
148.8,567.398,0
148.867,567.405,0
148.933,567.412,0
149,567.42,0
149.067,567.427,0
149.133,567.435,0
149.2,567.443,0
149.267,567.452,0
149.333,567.461,0
149.4,567.47,0
149.467,567.479,0
149.533,567.489,0
149.6,567.498,0
149.667,567.508,0
149.733,567.519,0
149.8,567.53,0
149.867,567.54,0
149.933,567.55,0
150,567.56,0
150.067,567.57,0
150.133,567.581,0
150.2,567.592,0
150.267,567.604,0
150.333,567.617,0
150.4,567.629,0
150.467,567.641,0
150.533,567.653,0
150.6,567.667,0
150.667,567.68,0
150.733,567.693,0
150.8,567.706,0
150.867,567.718,0
150.933,567.73,0
151,567.742,0
151.067,567.754,0
151.133,567.767,0
151.2,567.785,0
151.267,567.808,0
151.333,567.836,0
151.4,567.869,0
151.467,567.905,0
151.533,567.941,0
151.6,567.978,0
151.667,568.019,0
151.733,568.06,0
151.8,568.103,0
151.867,568.144,0
151.933,568.185,0
152,568.227,0
152.067,568.272,0
152.133,568.319,0
152.2,568.37,0
152.267,568.424,0
152.333,568.478,0
152.4,568.533,0
152.467,568.588,0
152.533,568.645,0
152.6,568.703,0
152.667,568.761,0
152.733,568.82,0
152.8,568.878,0
152.867,568.935,0
152.933,568.992,0
153,569.049,0
153.067,569.106,0
153.133,569.164,0
153.2,569.223,0
153.267,569.284,0
153.333,569.347,0
153.4,569.415,0
153.467,569.484,0
153.533,569.553,0
153.6,569.622,0
153.667,569.692,0
153.733,569.762,0
153.8,569.831,0
153.867,569.898,0
153.933,569.965,0
154,570.031,0
154.067,570.096,0
154.133,570.158,0
154.2,570.215,0
154.267,570.269,0
154.333,570.32,0
154.4,570.366,0
154.467,570.407,0
154.533,570.445,0
154.6,570.482,0
154.667,570.519,0
154.733,570.555,0
154.8,570.59,0
154.867,570.621,0
154.933,570.651,0
155,570.681,0
155.067,570.71,0
155.133,570.739,0
155.2,570.769,0
155.267,570.799,0
155.333,570.829,0
155.4,570.859,0
155.467,570.887,0
155.533,570.915,0
155.6,570.943,0
155.667,570.97,0
155.733,570.994,0
155.8,571.015,0
155.867,571.036,0
155.933,571.055,0
156,571.076,0
156.067,571.095,0
156.133,571.115,0
156.2,571.133,0
156.267,571.152,0
156.333,571.17,0
156.4,571.188,0
156.467,571.206,0
156.533,571.223,0
156.6,571.239,0
156.667,571.253,0
156.733,571.268,0
156.8,571.282,0
156.867,571.295,0
156.933,571.309,0
157,571.321,0
157.067,571.332,0
157.133,571.343,0
157.2,571.352,0
157.267,571.362,0
157.333,571.372,0
157.4,571.381,0
157.467,571.39,0
157.533,571.399,0
157.6,571.408,0
157.667,571.417,0
157.733,571.426,0
157.8,571.435,0
157.867,571.443,0
157.933,571.452,0
158,571.46,0
158.067,571.47,0
158.133,571.48,0
158.2,571.49,0
158.267,571.5,0
158.333,571.509,0
158.4,571.518,0
158.467,571.526,0
158.533,571.535,0
158.6,571.543,0
158.667,571.552,0
158.733,571.56,0
158.8,571.568,0
158.867,571.575,0
158.933,571.585,0
159,571.602,0
159.067,571.628,0
159.133,571.66,0
159.2,571.697,0
159.267,571.742,0
159.333,571.789,0
159.4,571.835,0
159.467,571.882,0
159.533,571.931,0
159.6,571.98,0
159.667,572.03,0
159.733,572.08,0
159.8,572.13,0
159.867,572.178,0
159.933,572.227,0
160,572.275,0
160.067,572.322,0
160.133,572.369,0
160.2,572.415,0
160.267,572.458,0
160.333,572.502,0
160.4,572.548,0
160.467,572.596,0
160.533,572.644,0
160.6,572.692,0
160.667,572.739,0
160.733,572.785,0
160.8,572.832,0
160.867,572.882,0
160.933,572.932,0
161,572.98,0
161.067,573.024,0
161.133,573.068,0
161.2,573.11,0
161.267,573.152,0
161.333,573.193,0
161.4,573.233,0
161.467,573.268,0
161.533,573.3,0
161.6,573.328,0
161.667,573.352,0
161.733,573.375,0
161.8,573.394,0
161.867,573.409,0
161.933,573.423,0
162,573.434,0
162.067,573.443,0
162.133,573.451,0
162.2,573.459,0
162.267,573.475,0
162.333,573.496,0
162.4,573.522,0
162.467,573.55,0
162.533,573.578,0
162.6,573.607,0
162.667,573.638,0
162.733,573.669,0
162.8,573.701,0
162.867,573.733,0
162.933,573.765,0
163,573.797,0
163.067,573.829,0
163.133,573.861,0
163.2,573.893,0
163.267,573.925,0
163.333,573.957,0
163.4,573.987,0
163.467,574.014,0
163.533,574.042,0
163.6,574.067,0
163.667,574.093,0
163.733,574.12,0
163.8,574.15,0
163.867,574.184,0
163.933,574.219,0
164,574.257,0
164.067,574.299,0
164.133,574.342,0
164.2,574.387,0
164.267,574.43,0
164.333,574.47,0
164.4,574.506,0
164.467,574.537,0
164.533,574.566,0
164.6,574.592,0
164.667,574.614,0
164.733,574.635,0
164.8,574.653,0
164.867,574.668,0
164.933,574.682,0
165,574.695,0
165.067,574.709,0
165.133,574.723,0
165.2,574.738,0
165.267,574.752,0
165.333,574.766,0
165.4,574.779,0
165.467,574.791,0
165.533,574.803,0
165.6,574.816,0
165.667,574.829,0
165.733,574.842,0
165.8,574.855,0
165.867,574.869,0
165.933,574.883,0
166,574.896,0
166.067,574.911,0
166.133,574.925,0
166.2,574.939,0
166.267,574.954,0
166.333,574.969,0
166.4,574.983,0
166.467,574.998,0
166.533,575.014,0
166.6,575.03,0
166.667,575.046,0
166.733,575.063,0
166.8,575.08,0
166.867,575.096,0
166.933,575.113,0
167,575.129,0
167.067,575.145,0
167.133,575.16,0
167.2,575.176,0
167.267,575.197,0
167.333,575.22,0
167.4,575.249,0
167.467,575.284,0
167.533,575.321,0
167.6,575.364,0
167.667,575.412,0
167.733,575.46,0
167.8,575.509,0
167.867,575.558,0
167.933,575.607,0
168,575.658,0
168.067,575.708,0
168.133,575.759,0
168.2,575.81,0
168.267,575.862,0
168.333,575.914,0
168.4,575.968,0
168.467,576.021,0
168.533,576.076,0
168.6,576.132,0
168.667,576.187,0
168.733,576.243,0
168.8,576.3,0
168.867,576.356,0
168.933,576.413,0
169,576.469,0
169.067,576.524,0
169.133,576.578,0
169.2,576.631,0
169.267,576.686,0
169.333,576.741,0
169.4,576.795,0
169.467,576.85,0
169.533,576.905,0
169.6,576.96,0
169.667,577.015,0
169.733,577.071,0
169.8,577.128,0
169.867,577.186,0
169.933,577.245,0
170,577.307,0
170.067,577.368,0
170.133,577.429,0
170.2,577.486,0
170.267,577.541,0
170.333,577.595,0
170.4,577.648,0
170.467,577.7,0
170.533,577.749,0
170.6,577.794,0
170.667,577.833,0
170.733,577.872,0
170.8,577.906,0
170.867,577.936,0
170.933,577.963,0
171,577.987,0
171.067,578.007,0
171.133,578.025,0
171.2,578.041,0
171.267,578.053,0
171.333,578.064,0
171.4,578.073,0
171.467,578.081,0
171.533,578.088,0
171.6,578.095,0
171.667,578.103,0
171.733,578.11,0
171.8,578.117,0
171.867,578.124,0
171.933,578.131,0
172,578.138,0
172.067,578.145,0
172.133,578.152,0
172.2,578.159,0
172.267,578.166,0
172.333,578.173,0
172.4,578.18,0
172.467,578.186,0
172.533,578.193,0
172.6,578.2,0
172.667,578.207,0
172.733,578.214,0
172.8,578.221,0
172.867,578.228,0
172.933,578.235,0
173,578.242,0
173.067,578.249,0
173.133,578.256,0
173.2,578.263,0
173.267,578.27,0
173.333,578.277,0
173.4,578.283,0
173.467,578.29,0
173.533,578.297,0
173.6,578.304,0
173.667,578.311,0
173.733,578.317,0
173.8,578.324,0
173.867,578.331,0
173.933,578.338,0
174,578.345,0
174.067,578.352,0
174.133,578.359,0
174.2,578.366,0
174.267,578.373,0
174.333,578.38,0
174.4,578.387,0
174.467,578.394,0
174.533,578.401,0
174.6,578.408,0
174.667,578.415,0
174.733,578.422,0
174.8,578.429,0
174.867,578.436,0
174.933,578.443,0
175,578.451,0
175.067,578.465,0
175.133,578.481,0
175.2,578.504,0
175.267,578.529,0
175.333,578.556,0
175.4,578.584,0
175.467,578.614,0
175.533,578.644,0
175.6,578.676,0
175.667,578.707,0
175.733,578.739,0
175.8,578.77,0
175.867,578.804,0
175.933,578.84,0
176,578.882,0
176.067,578.933,0
176.133,578.985,0
176.2,579.045,0
176.267,579.112,0
176.333,579.184,0
176.4,579.263,0
176.467,579.348,0
176.533,579.433,0
176.6,579.52,0
176.667,579.61,0
176.733,579.7,0
176.8,579.792,0
176.867,579.885,0
176.933,579.98,0
177,580.077,0
177.067,580.178,0
177.133,580.281,0
177.2,580.388,0
177.267,580.496,0
177.333,580.606,0
177.4,580.719,0
177.467,580.833,0
177.533,580.949,0
177.6,581.065,0
177.667,581.178,0
177.733,581.289,0
177.8,581.395,0
177.867,581.498,0
177.933,581.6,0
178,581.701,0
178.067,581.799,0
178.133,581.897,0
178.2,581.991,0
178.267,582.082,0
178.333,582.172,0
178.4,582.262,0
178.467,582.355,0
178.533,582.45,0
178.6,582.545,0
178.667,582.642,0
178.733,582.739,0
178.8,582.833,0
178.867,582.927,0
178.933,583.019,0
179,583.112,0
179.067,583.201,0
179.133,583.29,0
179.2,583.38,0
179.267,583.468,0
179.333,583.556,0
179.4,583.642,0
179.467,583.725,0
179.533,583.806,0
179.6,583.884,0
179.667,583.961,0
179.733,584.035,0
179.8,584.107,0
179.867,584.177,0
179.933,584.245,0
180,584.307,0
180.067,584.364,0
180.133,584.419,0
180.2,584.468,0
180.267,584.513,0
180.333,584.556,0
180.4,584.598,0
180.467,584.637,0
180.533,584.673,0
180.6,584.704,0
180.667,584.733,0
180.733,584.76,0
180.8,584.788,0
180.867,584.817,0
180.933,584.845,0
181,584.873,0
181.067,584.902,0
181.133,584.932,0
181.2,584.961,0
181.267,584.99,0
181.333,585.018,0
181.4,585.047,0
181.467,585.075,0
181.533,585.103,0
181.6,585.131,0
181.667,585.159,0
181.733,585.186,0
181.8,585.215,0
181.867,585.244,0
181.933,585.275,0
182,585.309,0
182.067,585.347,0
182.133,585.387,0
182.2,585.43,0
182.267,585.475,0
182.333,585.521,0
182.4,585.567,0
182.467,585.615,0
182.533,585.663,0
182.6,585.711,0
182.667,585.758,0
182.733,585.807,0
182.8,585.855,0
182.867,585.902,0
182.933,585.95,0
183,585.996,0
183.067,586.041,0
183.133,586.087,0
183.2,586.133,0
183.267,586.178,0
183.333,586.224,0
183.4,586.269,0
183.467,586.313,0
183.533,586.358,0
183.6,586.404,0
183.667,586.452,0
183.733,586.499,0
183.8,586.548,0
183.867,586.597,0
183.933,586.648,0
184,586.699,0
184.067,586.75,0
184.133,586.802,0
184.2,586.854,0
184.267,586.907,0
184.333,586.961,0
184.4,587.015,0
184.467,587.07,0
184.533,587.125,0
184.6,587.18,0
184.667,587.236,0
184.733,587.292,0
184.8,587.349,0
184.867,587.406,0
184.933,587.463,0
185,587.519,0
185.067,587.574,0
185.133,587.628,0
185.2,587.683,0
185.267,587.737,0
185.333,587.791,0
185.4,587.846,0
185.467,587.9,0
185.533,587.955,0
185.6,588.009,0
185.667,588.063,0
185.733,588.117,0
185.8,588.17,0
185.867,588.222,0
185.933,588.274,0
186,588.326,0
186.067,588.377,0
186.133,588.429,0
186.2,588.481,0
186.267,588.533,0
186.333,588.584,0
186.4,588.636,0
186.467,588.689,0
186.533,588.742,0
186.6,588.796,0
186.667,588.849,0
186.733,588.903,0
186.8,588.958,0
186.867,589.012,0
186.933,589.066,0
187,589.121,0
187.067,589.176,0
187.133,589.231,0
187.2,589.287,0
187.267,589.342,0
187.333,589.397,0
187.4,589.452,0
187.467,589.508,0
187.533,589.563,0
187.6,589.619,0
187.667,589.676,0
187.733,589.733,0
187.8,589.79,0
187.867,589.847,0
187.933,589.904,0
188,589.961,0
188.067,590.018,0
188.133,590.076,0
188.2,590.134,0
188.267,590.192,0
188.333,590.251,0
188.4,590.309,0
188.467,590.367,0
188.533,590.426,0
188.6,590.484,0
188.667,590.543,0
188.733,590.601,0
188.8,590.66,0
188.867,590.719,0
188.933,590.778,0
189,590.837,0
189.067,590.895,0
189.133,590.954,0
189.2,591.012,0
189.267,591.069,0
189.333,591.127,0
189.4,591.185,0
189.467,591.242,0
189.533,591.3,0
189.6,591.357,0
189.667,591.415,0
189.733,591.472,0
189.8,591.53,0
189.867,591.588,0
189.933,591.647,0
190,591.706,0
190.067,591.767,0
190.133,591.828,0
190.2,591.892,0
190.267,591.957,0
190.333,592.023,0
190.4,592.089,0
190.467,592.153,0
190.533,592.217,0
190.6,592.279,0
190.667,592.339,0
190.733,592.397,0
190.8,592.454,0
190.867,592.512,0
190.933,592.569,0
191,592.628,0
191.067,592.687,0
191.133,592.746,0
191.2,592.806,0
191.267,592.866,0
191.333,592.927,0
191.4,592.987,0
191.467,593.048,0
191.533,593.108,0
191.6,593.169,0
191.667,593.229,0
191.733,593.289,0
191.8,593.349,0
191.867,593.409,0
191.933,593.468,0
192,593.527,0
192.067,593.588,0
192.133,593.65,0
192.2,593.712,0
192.267,593.776,0
192.333,593.839,0
192.4,593.902,0
192.467,593.964,0
192.533,594.027,0
192.6,594.091,0
192.667,594.156,0
192.733,594.221,0
192.8,594.287,0
192.867,594.351,0
192.933,594.416,0
193,594.48,0
193.067,594.544,0
193.133,594.609,0
193.2,594.674,0
193.267,594.739,0
193.333,594.804,0
193.4,594.868,0
193.467,594.932,0
193.533,594.997,0
193.6,595.061,0
193.667,595.125,0
193.733,595.189,0
193.8,595.254,0
193.867,595.319,0
193.933,595.384,0
194,595.449,0
194.067,595.514,0
194.133,595.579,0
194.2,595.644,0
194.267,595.71,0
194.333,595.775,0
194.4,595.841,0
194.467,595.906,0
194.533,595.972,0
194.6,596.037,0
194.667,596.102,0
194.733,596.167,0
194.8,596.233,0
194.867,596.299,0
194.933,596.365,0
195,596.432,0
195.067,596.499,0
195.133,596.565,0
195.2,596.631,0
195.267,596.698,0
195.333,596.764,0
195.4,596.832,0
195.467,596.9,0
195.533,596.968,0
195.6,597.037,0
195.667,597.106,0
195.733,597.173,0
195.8,597.241,0
195.867,597.308,0
195.933,597.376,0
196,597.444,0
196.067,597.513,0
196.133,597.582,0
196.2,597.654,0
196.267,597.727,0
196.333,597.803,0
196.4,597.882,0
196.467,597.967,0
196.533,598.054,0
196.6,598.147,0
196.667,598.244,0
196.733,598.342,0
196.8,598.445,0
196.867,598.551,0
196.933,598.66,0
197,598.773,0
197.067,598.891,0
197.133,599.01,0
197.2,599.136,0
197.267,599.267,0
197.333,599.402,0
197.4,599.542,0
197.467,599.688,0
197.533,599.835,0
197.6,599.987,0
197.667,600.145,0
197.733,600.305,0
197.8,600.469,0
197.867,600.638,0
197.933,600.81,0
198,600.985,0
198.067,601.163,0
198.133,601.344,0
198.2,601.53,0
198.267,601.722,0
198.333,601.915,0
198.4,602.113,0
198.467,602.315,0
198.533,602.52,0
198.6,602.728,0
198.667,602.939,0
198.733,603.151,0
198.8,603.367,0
198.867,603.588,0
198.933,603.81,0
199,604.036,0
199.067,604.267,0
199.133,604.499,0
199.2,604.736,0
199.267,604.976,0
199.333,605.22,0
199.4,605.469,0
199.467,605.725,0
199.533,605.985,0
199.6,606.25,0
199.667,606.52,0
199.733,606.791,0
199.8,607.066,0
199.867,607.344,0
199.933,607.623,0
200,607.905,0
200.067,608.189,0
200.133,608.475,0
200.2,608.763,0
200.267,609.051,0
200.333,609.341,0
200.4,609.632,0
200.467,609.925,0
200.533,610.22,0
200.6,610.516,0
200.667,610.815,0
200.733,611.112,0
200.8,611.41,0
200.867,611.71,0
200.933,612.011,0
201,612.316,0
201.067,612.624,0
201.133,612.935,0
201.2,613.246,0
201.267,613.561,0
201.333,613.875,0
201.4,614.191,0
201.467,614.509,0
201.533,614.827,0
201.6,615.147,0
201.667,615.469,0
201.733,615.792,0
201.8,616.116,0
201.867,616.439,0
201.933,616.76,0
202,617.083,0
202.067,617.404,0
202.133,617.724,0
202.2,618.044,0
202.267,618.363,0
202.333,618.683,0
202.4,618.999,0
202.467,619.316,0
202.533,619.633,0
202.6,619.952,0
202.667,620.265,0
202.733,620.579,0
202.8,620.895,0
202.867,621.211,0
202.933,621.527,0
203,621.844,0
203.067,622.161,0
203.133,622.478,0
203.2,622.795,0
203.267,623.114,0
203.333,623.432,0
203.4,623.752,0
203.467,624.071,0
203.533,624.39,0
203.6,624.711,0
203.667,625.031,0
203.733,625.352,0
203.8,625.673,0
203.867,625.996,0
203.933,626.319,0
204,626.646,0
204.067,626.972,0
204.133,627.299,0
204.2,627.63,0
204.267,627.965,0
204.333,628.299,0
204.4,628.634,0
204.467,628.969,0
204.533,629.306,0
204.6,629.644,0
204.667,629.986,0
204.733,630.328,0
204.8,630.673,0
204.867,631.017,0
204.933,631.361,0
205,631.704,0
205.067,632.047,0
205.133,632.39,0
205.2,632.733,0
205.267,633.076,0
205.333,633.419,0
205.4,633.762,0
205.467,634.106,0
205.533,634.45,0
205.6,634.796,0
205.667,635.143,0
205.733,635.483,0
205.8,635.825,0
205.867,636.168,0
205.933,636.512,0
206,636.858,0
206.067,637.209,0
206.133,637.561,0
206.2,637.917,0
206.267,638.278,0
206.333,638.638,0
206.4,638.999,0
206.467,639.361,0
206.533,639.722,0
206.6,640.084,0
206.667,640.445,0
206.733,640.806,0
206.8,641.165,0
206.867,641.522,0
206.933,641.878,0
207,642.232,0
207.067,642.586,0
207.133,642.939,0
207.2,643.289,0
207.267,643.638,0
207.333,643.988,0
207.4,644.336,0
207.467,644.683,0
207.533,645.03,0
207.6,645.376,0
207.667,645.72,0
207.733,646.062,0
207.8,646.405,0
207.867,646.745,0
207.933,647.086,0
208,647.428,0
208.067,647.767,0
208.133,648.107,0
208.2,648.446,0
208.267,648.784,0
208.333,649.122,0
208.4,649.461,0
208.467,649.801,0
208.533,650.142,0
208.6,650.483,0
208.667,650.825,0
208.733,651.166,0
208.8,651.508,0
208.867,651.85,0
208.933,652.191,0
209,652.535,0
209.067,652.88,0
209.133,653.225,0
209.2,653.571,0
209.267,653.917,0
209.333,654.263,0
209.4,654.61,0
209.467,654.958,0
209.533,655.306,0
209.6,655.654,0
209.667,656.004,0
209.733,656.354,0
209.8,656.705,0
209.867,657.057,0
209.933,657.408,0
210,657.761,0
210.067,658.114,0
210.133,658.468,0
210.2,658.823,0
210.267,659.178,0
210.333,659.534,0
210.4,659.89,0
210.467,660.248,0
210.533,660.606,0
210.6,660.966,0
210.667,661.326,0
210.733,661.684,0
210.8,662.044,0
210.867,662.404,0
210.933,662.765,0
211,663.125,0
211.067,663.486,0
211.133,663.848,0
211.2,664.21,0
211.267,664.573,0
211.333,664.936,0
211.4,665.3,0
211.467,665.665,0
211.533,666.03,0
211.6,666.395,0
211.667,666.761,0
211.733,667.127,0
211.8,667.494,0
211.867,667.86,0
211.933,668.227,0
212,668.594,0
212.067,668.961,0
212.133,669.329,0
212.2,669.694,0
212.267,670.061,0
212.333,670.428,0
212.4,670.794,0
212.467,671.162,0
212.533,671.532,0
212.6,671.903,0
212.667,672.275,0
212.733,672.648,0
212.8,673.023,0
212.867,673.399,0
212.933,673.776,0
213,674.154,0
213.067,674.534,0
213.133,674.914,0
213.2,675.295,0
213.267,675.676,0
213.333,676.058,0
213.4,676.441,0
213.467,676.824,0
213.533,677.208,0
213.6,677.592,0
213.667,677.977,0
213.733,678.362,0
213.8,678.748,0
213.867,679.134,0
213.933,679.52,0
214,679.906,0
214.067,680.288,0
214.133,680.671,0
214.2,681.054,0
214.267,681.437,0
214.333,681.821,0
214.4,682.205,0
214.467,682.589,0
214.533,682.973,0
214.6,683.357,0
214.667,683.742,0
214.733,684.126,0
214.8,684.511,0
214.867,684.896,0
214.933,685.281,0
215,685.667,0
215.067,686.052,0
215.133,686.438,0
215.2,686.825,0
215.267,687.212,0
215.333,687.6,0
215.4,687.988,0
215.467,688.375,0
215.533,688.763,0
215.6,689.15,0
215.667,689.538,0
215.733,689.922,0
215.8,690.306,0
215.867,690.691,0
215.933,691.076,0
216,691.461,0
216.067,691.847,0
216.133,692.232,0
216.2,692.618,0
216.267,693.003,0
216.333,693.389,0
216.4,693.775,0
216.467,694.161,0
216.533,694.547,0
216.6,694.934,0
216.667,695.322,0
216.733,695.709,0
216.8,696.097,0
216.867,696.486,0
216.933,696.875,0
217,697.263,0
217.067,697.652,0
217.133,698.04,0
217.2,698.429,0
217.267,698.819,0
217.333,699.209,0
217.4,699.601,0
217.467,699.993,0
217.533,700.386,0
217.6,700.779,0
217.667,701.173,0
217.733,701.567,0
217.8,701.96,0
217.867,702.355,0
217.933,702.749,0
218,703.144,0
218.067,703.539,0
218.133,703.934,0
218.2,704.329,0
218.267,704.724,0
218.333,705.119,0
218.4,705.514,0
218.467,705.909,0
218.533,706.305,0
218.6,706.7,0
218.667,707.095,0
218.733,707.489,0
218.8,707.884,0
218.867,708.279,0
218.933,708.673,0
219,709.068,0
219.067,709.455,0
219.133,709.841,0
219.2,710.229,0
219.267,710.616,0
219.333,711.004,0
219.4,711.391,0
219.467,711.779,0
219.533,712.168,0
219.6,712.557,0
219.667,712.945,0
219.733,713.334,0
219.8,713.723,0
219.867,714.112,0
219.933,714.5,0
220,714.889,0
220.067,715.277,0
220.133,715.665,0
220.2,716.053,0
220.267,716.442,0
220.333,716.83,0
220.4,717.219,0
220.467,717.607,0
220.533,717.995,0
220.6,718.383,0
220.667,718.772,0
220.733,719.16,0
220.8,719.547,0
220.867,719.933,0
220.933,720.32,0
221,720.707,0
221.067,721.094,0
221.133,721.48,0
221.2,721.867,0
221.267,722.254,0
221.333,722.64,0
221.4,723.024,0
221.467,723.409,0
221.533,723.793,0
221.6,724.177,0
221.667,724.561,0
221.733,724.946,0
221.8,725.331,0
221.867,725.717,0
221.933,726.104,0
222,726.49,0
222.067,726.876,0
222.133,727.263,0
222.2,727.649,0
222.267,728.034,0
222.333,728.419,0
222.4,728.8,0
222.467,729.18,0
222.533,729.561,0
222.6,729.943,0
222.667,730.325,0
222.733,730.708,0
222.8,731.091,0
222.867,731.475,0
222.933,731.859,0
223,732.242,0
223.067,732.624,0
223.133,733.007,0
223.2,733.389,0
223.267,733.771,0
223.333,734.152,0
223.4,734.534,0
223.467,734.915,0
223.533,735.296,0
223.6,735.678,0
223.667,736.061,0
223.733,736.444,0
223.8,736.828,0
223.867,737.212,0
223.933,737.597,0
224,737.981,0
224.067,738.365,0
224.133,738.749,0
224.2,739.133,0
224.267,739.516,0
224.333,739.9,0
224.4,740.283,0
224.467,740.666,0
224.533,741.049,0
224.6,741.431,0
224.667,741.813,0
224.733,742.194,0
224.8,742.575,0
224.867,742.956,0
224.933,743.336,0
225,743.717,0
225.067,744.098,0
225.133,744.478,0
225.2,744.859,0
225.267,745.239,0
225.333,745.619,0
225.4,746,0
225.467,746.38,0
225.533,746.76,0
225.6,747.141,0
225.667,747.521,0
225.733,747.898,0
225.8,748.276,0
225.867,748.654,0
225.933,749.032,0
226,749.411,0
226.067,749.79,0
226.133,750.17,0
226.2,750.549,0
226.267,750.929,0
226.333,751.308,0
226.4,751.687,0
226.467,752.066,0
226.533,752.445,0
226.6,752.824,0
226.667,753.204,0
226.733,753.584,0
226.8,753.964,0
226.867,754.346,0
226.933,754.728,0
227,755.111,0
227.067,755.496,0
227.133,755.881,0
227.2,756.266,0
227.267,756.652,0
227.333,757.038,0
227.4,757.423,0
227.467,757.809,0
227.533,758.194,0
227.6,758.58,0
227.667,758.966,0
227.733,759.352,0
227.8,759.739,0
227.867,760.125,0
227.933,760.512,0
228,760.899,0
228.067,761.287,0
228.133,761.674,0
228.2,762.062,0
228.267,762.449,0
228.333,762.837,0
228.4,763.225,0
228.467,763.612,0
228.533,764,0
228.6,764.388,0
228.667,764.776,0
228.733,765.164,0
228.8,765.552,0
228.867,765.941,0
228.933,766.33,0
229,766.72,0
229.067,767.115,0
229.133,767.512,0
229.2,767.908,0
229.267,768.304,0
229.333,768.701,0
229.4,769.097,0
229.467,769.494,0
229.533,769.89,0
229.6,770.286,0
229.667,770.683,0
229.733,771.079,0
229.8,771.475,0
229.867,771.872,0
229.933,772.269,0
230,772.665,0
230.067,773.063,0
230.133,773.46,0
230.2,773.858,0
230.267,774.255,0
230.333,774.653,0
230.4,775.051,0
230.467,775.448,0
230.533,775.846,0
230.6,776.244,0
230.667,776.641,0
230.733,777.039,0
230.8,777.436,0
230.867,777.834,0
230.933,778.232,0
231,778.631,0
231.067,779.029,0
231.133,779.428,0
231.2,779.827,0
231.267,780.225,0
231.333,780.622,0
231.4,781.018,0
231.467,781.413,0
231.533,781.809,0
231.6,782.203,0
231.667,782.596,0
231.733,782.99,0
231.8,783.383,0
231.867,783.776,0
231.933,784.17,0
232,784.563,0
232.067,784.956,0
232.133,785.35,0
232.2,785.743,0
232.267,786.137,0
232.333,786.53,0
232.4,786.92,0
232.467,787.309,0
232.533,787.699,0
232.6,788.089,0
232.667,788.479,0
232.733,788.868,0
232.8,789.259,0
232.867,789.649,0
232.933,790.04,0
233,790.43,0
233.067,790.821,0
233.133,791.212,0
233.2,791.603,0
233.267,791.995,0
233.333,792.386,0
233.4,792.778,0
233.467,793.17,0
233.533,793.562,0
233.6,793.954,0
233.667,794.346,0
233.733,794.738,0
233.8,795.13,0
233.867,795.522,0
233.933,795.914,0
234,796.306,0
234.067,796.697,0
234.133,797.087,0
234.2,797.479,0
234.267,797.87,0
234.333,798.261,0
234.4,798.653,0
234.467,799.044,0
234.533,799.435,0
234.6,799.826,0
234.667,800.218,0
234.733,800.609,0
234.8,801,0
234.867,801.392,0
234.933,801.783,0
235,802.174,0
235.067,802.565,0
235.133,802.956,0
235.2,803.347,0
235.267,803.738,0
235.333,804.129,0
235.4,804.52,0
235.467,804.911,0
235.533,805.303,0
235.6,805.694,0
235.667,806.085,0
235.733,806.473,0
235.8,806.862,0
235.867,807.25,0
235.933,807.639,0
236,808.028,0
236.067,808.416,0
236.133,808.805,0
236.2,809.195,0
236.267,809.585,0
236.333,809.976,0
236.4,810.368,0
236.467,810.761,0
236.533,811.155,0
236.6,811.55,0
236.667,811.945,0
236.733,812.341,0
236.8,812.738,0
236.867,813.134,0
236.933,813.531,0
237,813.927,0
237.067,814.325,0
237.133,814.722,0
237.2,815.119,0
237.267,815.516,0
237.333,815.913,0
237.4,816.308,0
237.467,816.702,0
237.533,817.098,0
237.6,817.492,0
237.667,817.887,0
237.733,818.281,0
237.8,818.675,0
237.867,819.07,0
237.933,819.464,0
238,819.857,0
238.067,820.25,0
238.133,820.643,0
238.2,821.037,0
238.267,821.431,0
238.333,821.825,0
238.4,822.219,0
238.467,822.613,0
238.533,823.008,0
238.6,823.403,0
238.667,823.799,0
238.733,824.195,0
238.8,824.592,0
238.867,824.99,0
238.933,825.387,0
239,825.785,0
239.067,826.183,0
239.133,826.582,0
239.2,826.981,0
239.267,827.38,0
239.333,827.779,0
239.4,828.179,0
239.467,828.578,0
239.533,828.977,0
239.6,829.375,0
239.667,829.771,0
239.733,830.167,0
239.8,830.563,0
239.867,830.959,0
239.933,831.353,0
240,831.746,0
240.067,832.14,0
240.133,832.532,0
240.2,832.925,0
240.267,833.317,0
240.333,833.71,0
240.4,834.103,0
240.467,834.497,0
240.533,834.891,0
240.6,835.286,0
240.667,835.681,0
240.733,836.077,0
240.8,836.473,0
240.867,836.87,0
240.933,837.268,0
241,837.667,0
241.067,838.066,0
241.133,838.465,0
241.2,838.865,0
241.267,839.266,0
241.333,839.664,0
241.4,840.065,0
241.467,840.467,0
241.533,840.869,0
241.6,841.271,0
241.667,841.674,0
241.733,842.076,0
241.8,842.478,0
241.867,842.879,0
241.933,843.28,0
242,843.681,0
242.067,844.082,0
242.133,844.483,0
242.2,844.884,0
242.267,845.286,0
242.333,845.687,0
242.4,846.089,0
242.467,846.49,0
242.533,846.891,0
242.6,847.292,0
242.667,847.694,0
242.733,848.095,0
242.8,848.495,0
242.867,848.895,0
242.933,849.295,0
243,849.691,0
243.067,850.086,0
243.133,850.483,0
243.2,850.879,0
243.267,851.275,0
243.333,851.672,0
243.4,852.068,0
243.467,852.465,0
243.533,852.861,0
243.6,853.258,0
243.667,853.655,0
243.733,854.051,0
243.8,854.446,0
243.867,854.84,0
243.933,855.235,0
244,855.63,0
244.067,856.024,0
244.133,856.419,0
244.2,856.814,0
244.267,857.209,0
244.333,857.604,0
244.4,857.998,0
244.467,858.393,0
244.533,858.787,0
244.6,859.181,0
244.667,859.573,0
244.733,859.965,0
244.8,860.358,0
244.867,860.75,0
244.933,861.141,0
245,861.532,0
245.067,861.923,0
245.133,862.315,0
245.2,862.706,0
245.267,863.097,0
245.333,863.489,0
245.4,863.882,0
245.467,864.274,0
245.533,864.667,0
245.6,865.06,0
245.667,865.453,0
245.733,865.847,0
245.8,866.242,0
245.867,866.637,0
245.933,867.031,0
246,867.426,0
246.067,867.82,0
246.133,868.215,0
246.2,868.61,0
246.267,869.004,0
246.333,869.397,0
246.4,869.79,0
246.467,870.183,0
246.533,870.575,0
246.6,870.968,0
246.667,871.36,0
246.733,871.753,0
246.8,872.146,0
246.867,872.539,0
246.933,872.932,0
247,873.326,0
247.067,873.72,0
247.133,874.114,0
247.2,874.507,0
247.267,874.9,0
247.333,875.294,0
247.4,875.687,0
247.467,876.08,0
247.533,876.473,0
247.6,876.866,0
247.667,877.259,0
247.733,877.651,0
247.8,878.043,0
247.867,878.436,0
247.933,878.828,0
248,879.218,0
248.067,879.608,0
248.133,879.999,0
248.2,880.389,0
248.267,880.779,0
248.333,881.17,0
248.4,881.561,0
248.467,881.953,0
248.533,882.343,0
248.6,882.734,0
248.667,883.124,0
248.733,883.515,0
248.8,883.905,0
248.867,884.295,0
248.933,884.684,0
249,885.074,0
249.067,885.464,0
249.133,885.854,0
249.2,886.244,0
249.267,886.634,0
249.333,887.023,0
249.4,887.413,0
249.467,887.802,0
249.533,888.191,0
249.6,888.579,0
249.667,888.967,0
249.733,889.353,0
249.8,889.74,0
249.867,890.126,0
249.933,890.513,0
250,890.898,0
250.067,891.284,0
250.133,891.67,0
250.2,892.055,0
250.267,892.44,0
250.333,892.825,0
250.4,893.209,0
250.467,893.594,0
250.533,893.979,0
250.6,894.363,0
250.667,894.746,0
250.733,895.13,0
250.8,895.514,0
250.867,895.897,0
250.933,896.281,0
251,896.663,0
251.067,897.046,0
251.133,897.427,0
251.2,897.809,0
251.267,898.19,0
251.333,898.569,0
251.4,898.947,0
251.467,899.326,0
251.533,899.707,0
251.6,900.089,0
251.667,900.471,0
251.733,900.853,0
251.8,901.236,0
251.867,901.618,0
251.933,902.001,0
252,902.385,0
252.067,902.771,0
252.133,903.159,0
252.2,903.547,0
252.267,903.936,0
252.333,904.326,0
252.4,904.716,0
252.467,905.108,0
252.533,905.5,0
252.6,905.893,0
252.667,906.286,0
252.733,906.679,0
252.8,907.074,0
252.867,907.469,0
252.933,907.865,0
253,908.26,0
253.067,908.655,0
253.133,909.051,0
253.2,909.448,0
253.267,909.846,0
253.333,910.244,0
253.4,910.643,0
253.467,911.042,0
253.533,911.442,0
253.6,911.842,0
253.667,912.242,0
253.733,912.643,0
253.8,913.044,0
253.867,913.445,0
253.933,913.845,0
254,914.246,0
254.067,914.648,0
254.133,915.05,0
254.2,915.453,0
254.267,915.856,0
254.333,916.259,0
254.4,916.663,0
254.467,917.067,0
254.533,917.473,0
254.6,917.881,0
254.667,918.301,0
254.733,918.722,0
254.8,919.143,0
254.867,919.563,0
254.933,919.984,0
255,920.405,0
255.067,920.826,0
255.133,921.247,0
255.2,921.669,0
255.267,922.091,0
255.333,922.514,0
255.4,922.938,0
255.467,923.362,0
255.533,923.786,0
255.6,924.212,0
255.667,924.639,0
255.733,925.066,0
255.8,925.494,0
255.867,925.922,0
255.933,926.351,0
256,926.78,0
256.067,927.209,0
256.133,927.639,0
256.2,928.069,0
256.267,928.499,0
256.333,928.928,0
256.4,929.357,0
256.467,929.786,0
256.533,930.216,0
256.6,930.645,0
256.667,931.075,0
256.733,931.504,0
256.8,931.934,0
256.867,932.363,0
256.933,932.793,0
257,933.222,0
257.067,933.65,0
257.133,934.079,0
257.2,934.507,0
257.267,934.935,0
257.333,935.363,0
257.4,935.791,0
257.467,936.218,0
257.533,936.645,0
257.6,937.072,0
257.667,937.498,0
257.733,937.924,0
257.8,938.35,0
257.867,938.775,0
257.933,939.201,0
258,939.625,0
258.067,940.05,0
258.133,940.475,0
258.2,940.9,0
258.267,941.325,0
258.333,941.75,0
258.4,942.175,0
258.467,942.6,0
258.533,943.026,0
258.6,943.453,0
258.667,943.879,0
258.733,944.306,0
258.8,944.732,0
258.867,945.158,0
258.933,945.584,0
259,946.009,0
259.067,946.436,0
259.133,946.862,0
259.2,947.289,0
259.267,947.715,0
259.333,948.142,0
259.4,948.569,0
259.467,948.995,0
259.533,949.42,0
259.6,949.845,0
259.667,950.27,0
259.733,950.694,0
259.8,951.119,0
259.867,951.545,0
259.933,951.971,0
260,952.395,0
260.067,952.819,0
260.133,953.243,0
260.2,953.67,0
260.267,954.096,0
260.333,954.523,0
260.4,954.951,0
260.467,955.379,0
260.533,955.807,0
260.6,956.235,0
260.667,956.663,0
260.733,957.092,0
260.8,957.519,0
260.867,957.947,0
260.933,958.375,0
261,958.802,0
261.067,959.23,0
261.133,959.657,0
261.2,960.084,0
261.267,960.512,0
261.333,960.937,0
261.4,961.362,0
261.467,961.788,0
261.533,962.213,0
261.6,962.639,0
261.667,963.066,0
261.733,963.492,0
261.8,963.919,0
261.867,964.346,0
261.933,964.773,0
262,965.199,0
262.067,965.626,0
262.133,966.052,0
262.2,966.48,0
262.267,966.907,0
262.333,967.335,0
262.4,967.763,0
262.467,968.19,0
262.533,968.619,0
262.6,969.047,0
262.667,969.475,0
262.733,969.904,0
262.8,970.332,0
262.867,970.762,0
262.933,971.192,0
263,971.622,0
263.067,972.052,0
263.133,972.484,0
263.2,972.915,0
263.267,973.346,0
263.333,973.779,0
263.4,974.212,0
263.467,974.645,0
263.533,975.078,0
263.6,975.512,0
263.667,975.945,0
263.733,976.378,0
263.8,976.812,0
263.867,977.245,0
263.933,977.679,0
264,978.112,0
264.067,978.545,0
264.133,978.978,0
264.2,979.41,0
264.267,979.844,0
264.333,980.276,0
264.4,980.71,0
264.467,981.144,0
264.533,981.579,0
264.6,982.013,0
264.667,982.447,0
264.733,982.881,0
264.8,983.315,0
264.867,983.748,0
264.933,984.182,0
265,984.616,0
265.067,985.049,0
265.133,985.482,0
265.2,985.915,0
265.267,986.347,0
265.333,986.779,0
265.4,987.209,0
265.467,987.638,0
265.533,988.067,0
265.6,988.492,0
265.667,988.919,0
265.733,989.346,0
265.8,989.775,0
265.867,990.205,0
265.933,990.636,0
266,991.069,0
266.067,991.503,0
266.133,991.936,0
266.2,992.37,0
266.267,992.804,0
266.333,993.236,0
266.4,993.668,0
266.467,994.101,0
266.533,994.534,0
266.6,994.967,0
266.667,995.4,0
266.733,995.834,0
266.8,996.268,0
266.867,996.702,0
266.933,997.136,0
267,997.571,0
267.067,998.004,0
267.133,998.438,0
267.2,998.872,0
267.267,999.305,0
267.333,999.738,0
267.4,1000.17,0
267.467,1000.61,0
267.533,1001.04,0
267.6,1001.47,0
267.667,1001.91,0
267.733,1002.34,0
267.8,1002.78,0
267.867,1003.21,0
267.933,1003.64,0
268,1004.08,0
268.067,1004.51,0
268.133,1004.94,0
268.2,1005.37,0
268.267,1005.81,0
268.333,1006.24,0
268.4,1006.67,0
268.467,1007.1,0
268.533,1007.54,0
268.6,1007.97,0
268.667,1008.4,0
268.733,1008.83,0
268.8,1009.26,0
268.867,1009.7,0
268.933,1010.13,0
269,1010.56,0
269.067,1011,0
269.133,1011.43,0
269.2,1011.86,0
269.267,1012.3,0
269.333,1012.73,0
269.4,1013.16,0
269.467,1013.6,0
269.533,1014.03,0
269.6,1014.46,0
269.667,1014.89,0
269.733,1015.32,0
269.8,1015.75,0
269.867,1016.19,0
269.933,1016.62,0
270,1017.05,0
270.067,1017.48,0
270.133,1017.91,0
270.2,1018.34,0
270.267,1018.77,0
270.333,1019.2,0
270.4,1019.63,0
270.467,1020.06,0
270.533,1020.5,0
270.6,1020.93,0
270.667,1021.36,0
270.733,1021.79,0
270.8,1022.22,0
270.867,1022.65,0
270.933,1023.08,0
271,1023.51,0
271.067,1023.94,0
271.133,1024.37,0
271.2,1024.8,0
271.267,1025.23,0
271.333,1025.67,0
271.4,1026.1,0
271.467,1026.54,0
271.533,1026.97,0
271.6,1027.41,0
271.667,1027.84,0
271.733,1028.27,0
271.8,1028.71,0
271.867,1029.14,0
271.933,1029.57,0
272,1030.01,0
272.067,1030.44,0
272.133,1030.87,0
272.2,1031.31,0
272.267,1031.74,0
272.333,1032.17,0
272.4,1032.61,0
272.467,1033.04,0
272.533,1033.47,0
272.6,1033.91,0
272.667,1034.34,0
272.733,1034.77,0
272.8,1035.21,0
272.867,1035.64,0
272.933,1036.08,0
273,1036.51,0
273.067,1036.94,0
273.133,1037.37,0
273.2,1037.81,0
273.267,1038.24,0
273.333,1038.67,0
273.4,1039.11,0
273.467,1039.54,0
273.533,1039.98,0
273.6,1040.41,0
273.667,1040.85,0
273.733,1041.28,0
273.8,1041.72,0
273.867,1042.16,0
273.933,1042.59,0
274,1043.03,0
274.067,1043.46,0
274.133,1043.9,0
274.2,1044.33,0
274.267,1044.77,0
274.333,1045.2,0
274.4,1045.64,0
274.467,1046.07,0
274.533,1046.51,0
274.6,1046.94,0
274.667,1047.37,0
274.733,1047.8,0
274.8,1048.24,0
274.867,1048.67,0
274.933,1049.1,0
275,1049.54,0
275.067,1049.97,0
275.133,1050.4,0
275.2,1050.84,0
275.267,1051.27,0
275.333,1051.7,0
275.4,1052.14,0
275.467,1052.57,0
275.533,1053,0
275.6,1053.43,0
275.667,1053.87,0
275.733,1054.3,0
275.8,1054.73,0
275.867,1055.16,0
275.933,1055.59,0
276,1056.03,0
276.067,1056.46,0
276.133,1056.89,0
276.2,1057.33,0
276.267,1057.77,0
276.333,1058.2,0
276.4,1058.64,0
276.467,1059.08,0
276.533,1059.52,0
276.6,1059.95,0
276.667,1060.4,0
276.733,1060.84,0
276.8,1061.28,0
276.867,1061.72,0
276.933,1062.16,0
277,1062.6,0
277.067,1063.05,0
277.133,1063.49,0
277.2,1063.93,0
277.267,1064.38,0
277.333,1064.82,0
277.4,1065.27,0
277.467,1065.71,0
277.533,1066.16,0
277.6,1066.6,0
277.667,1067.05,0
277.733,1067.5,0
277.8,1067.95,0
277.867,1068.4,0
277.933,1068.85,0
278,1069.31,0
278.067,1069.76,0
278.133,1070.22,0
278.2,1070.68,0
278.267,1071.14,0
278.333,1071.61,0
278.4,1072.07,0
278.467,1072.54,0
278.533,1073.02,0
278.6,1073.49,0
278.667,1073.97,0
278.733,1074.45,0
278.8,1074.92,0
278.867,1075.4,0
278.933,1075.89,0
279,1076.37,0
279.067,1076.85,0
279.133,1077.34,0
279.2,1077.82,0
279.267,1078.31,0
279.333,1078.79,0
279.4,1079.28,0
279.467,1079.77,0
279.533,1080.25,0
279.6,1080.74,0
279.667,1081.22,0
279.733,1081.7,0
279.8,1082.18,0
279.867,1082.67,0
279.933,1083.15,0
280,1083.64,0
280.067,1084.13,0
280.133,1084.62,0
280.2,1085.12,0
280.267,1085.62,0
280.333,1086.12,0
280.4,1086.62,0
280.467,1087.13,0
280.533,1087.64,0
280.6,1088.14,0
280.667,1088.65,0
280.733,1089.17,0
280.8,1089.68,0
280.867,1090.2,0
280.933,1090.71,0
281,1091.23,0
281.067,1091.76,0
281.133,1092.28,0
281.2,1092.81,0
281.267,1093.33,0
281.333,1093.85,0
281.4,1094.38,0
281.467,1094.9,0
281.533,1095.42,0
281.6,1095.95,0
281.667,1096.47,0
281.733,1096.99,0
281.8,1097.5,0
281.867,1098.01,0
281.933,1098.52,0
282,1099.02,0
282.067,1099.52,0
282.133,1100.02,0
282.2,1100.52,0
282.267,1101.02,0
282.333,1101.51,0
282.4,1102,0
282.467,1102.49,0
282.533,1102.98,0
282.6,1103.46,0
282.667,1103.92,0
282.733,1104.38,0
282.8,1104.84,0
282.867,1105.27,0
282.933,1105.7,0
283,1106.12,0
283.067,1106.54,0
283.133,1106.96,0
283.2,1107.37,0
283.267,1107.77,0
283.333,1108.17,0
283.4,1108.56,0
283.467,1108.95,0
283.533,1109.34,0
283.6,1109.72,0
283.667,1110.1,0
283.733,1110.47,0
283.8,1110.85,0
283.867,1111.23,0
283.933,1111.61,0
284,1112,0
284.067,1112.38,0
284.133,1112.76,0
284.2,1113.14,0
284.267,1113.52,0
284.333,1113.9,0
284.4,1114.28,0
284.467,1114.65,0
284.533,1115.03,0
284.6,1115.41,0
284.667,1115.79,0
284.733,1116.16,0
284.8,1116.54,0
284.867,1116.92,0
284.933,1117.3,0
285,1117.68,0
285.067,1118.07,0
285.133,1118.45,0
285.2,1118.83,0
285.267,1119.22,0
285.333,1119.6,0
285.4,1119.99,0
285.467,1120.38,0
285.533,1120.77,0
285.6,1121.16,0
285.667,1121.55,0
285.733,1121.94,0
285.8,1122.34,0
285.867,1122.74,0
285.933,1123.15,0
286,1123.55,0
286.067,1123.95,0
286.133,1124.36,0
286.2,1124.76,0
286.267,1125.17,0
286.333,1125.56,0
286.4,1125.95,0
286.467,1126.35,0
286.533,1126.74,0
286.6,1127.13,0
286.667,1127.53,0
286.733,1127.92,0
286.8,1128.3,0
286.867,1128.69,0
286.933,1129.08,0
287,1129.46,0
287.067,1129.84,0
287.133,1130.22,0
287.2,1130.6,0
287.267,1130.97,0
287.333,1131.34,0
287.4,1131.7,0
287.467,1132.07,0
287.533,1132.44,0
287.6,1132.8,0
287.667,1133.16,0
287.733,1133.52,0
287.8,1133.89,0
287.867,1134.24,0
287.933,1134.59,0
288,1134.93,0
288.067,1135.27,0
288.133,1135.62,0
288.2,1135.96,0
288.267,1136.3,0
288.333,1136.64,0
288.4,1136.98,0
288.467,1137.31,0
288.533,1137.65,0
288.6,1137.98,0
288.667,1138.31,0
288.733,1138.63,0
288.8,1138.96,0
288.867,1139.28,0
288.933,1139.6,0
289,1139.92,0
289.067,1140.24,0
289.133,1140.56,0
289.2,1140.88,0
289.267,1141.19,0
289.333,1141.5,0
289.4,1141.82,0
289.467,1142.12,0
289.533,1142.43,0
289.6,1142.74,0
289.667,1143.03,0
289.733,1143.32,0
289.8,1143.62,0
289.867,1143.92,0
289.933,1144.22,0
290,1144.52,0
290.067,1144.83,0
290.133,1145.14,0
290.2,1145.46,0
290.267,1145.78,0
290.333,1146.1,0
290.4,1146.43,0
290.467,1146.75,0
290.533,1147.07,0
290.6,1147.4,0
290.667,1147.72,0
290.733,1148.05,0
290.8,1148.37,0
290.867,1148.7,0
290.933,1149.03,0
291,1149.35,0
291.067,1149.69,0
291.133,1150.02,0
291.2,1150.35,0
291.267,1150.68,0
291.333,1151.01,0
291.4,1151.34,0
291.467,1151.68,0
291.533,1152.01,0
291.6,1152.35,0
291.667,1152.69,0
291.733,1153.03,0
291.8,1153.36,0
291.867,1153.7,0
291.933,1154.05,0
292,1154.39,0
292.067,1154.73,0
292.133,1155.07,0
292.2,1155.41,0
292.267,1155.75,0
292.333,1156.09,0
292.4,1156.43,0
292.467,1156.76,0
292.533,1157.1,0
292.6,1157.43,0
292.667,1157.76,0
292.733,1158.08,0
292.8,1158.4,0
292.867,1158.72,0
292.933,1159.03,0
293,1159.34,0
293.067,1159.65,0
293.133,1159.95,0
293.2,1160.24,0
293.267,1160.53,0
293.333,1160.81,0
293.4,1161.09,0
293.467,1161.37,0
293.533,1161.63,0
293.6,1161.9,0
293.667,1162.16,0
293.733,1162.42,0
293.8,1162.68,0
293.867,1162.94,0
293.933,1163.19,0
294,1163.45,0
294.067,1163.7,0
294.133,1163.96,0
294.2,1164.21,0
294.267,1164.46,0
294.333,1164.72,0
294.4,1164.97,0
294.467,1165.23,0
294.533,1165.49,0
294.6,1165.76,0
294.667,1166.02,0
294.733,1166.28,0
294.8,1166.55,0
294.867,1166.82,0
294.933,1167.09,0
295,1167.36,0
295.067,1167.63,0
295.133,1167.89,0
295.2,1168.15,0
295.267,1168.41,0
295.333,1168.66,0
295.4,1168.92,0
295.467,1169.17,0
295.533,1169.43,0
295.6,1169.68,0
295.667,1169.92,0
295.733,1170.17,0
295.8,1170.41,0
295.867,1170.66,0
295.933,1170.9,0
296,1171.15,0
296.067,1171.39,0
296.133,1171.63,0
296.2,1171.88,0
296.267,1172.12,0
296.333,1172.36,0
296.4,1172.6,0
296.467,1172.85,0
296.533,1173.1,0
296.6,1173.35,0
296.667,1173.6,0
296.733,1173.86,0
296.8,1174.12,0
296.867,1174.37,0
296.933,1174.63,0
297,1174.88,0
297.067,1175.13,0
297.133,1175.38,0
297.2,1175.63,0
297.267,1175.88,0
297.333,1176.13,0
297.4,1176.37,0
297.467,1176.61,0
297.533,1176.85,0
297.6,1177.09,0
297.667,1177.33,0
297.733,1177.56,0
297.8,1177.78,0
297.867,1178.01,0
297.933,1178.23,0
298,1178.44,0
298.067,1178.65,0
298.133,1178.87,0
298.2,1179.1,0
298.267,1179.33,0
298.333,1179.56,0
298.4,1179.79,0
298.467,1180.02,0
298.533,1180.25,0
298.6,1180.47,0
298.667,1180.69,0
298.733,1180.91,0
298.8,1181.13,0
298.867,1181.34,0
298.933,1181.54,0
299,1181.75,0
299.067,1181.95,0
299.133,1182.15,0
299.2,1182.35,0
299.267,1182.55,0
299.333,1182.74,0
299.4,1182.94,0
299.467,1183.14,0
299.533,1183.34,0
299.6,1183.54,0
299.667,1183.74,0
299.733,1183.95,0
299.8,1184.16,0
299.867,1184.38,0
299.933,1184.61,0
300,1184.84,0
300.067,1185.09,0
300.133,1185.34,0
300.2,1185.59,0
300.267,1185.86,0
300.333,1186.14,0
300.4,1186.43,0
300.467,1186.72,0
300.533,1187.02,0
300.6,1187.32,0
300.667,1187.64,0
300.733,1187.96,0
300.8,1188.29,0
300.867,1188.62,0
300.933,1188.96,0
301,1189.3,0
301.067,1189.65,0
301.133,1190,0
301.2,1190.36,0
301.267,1190.72,0
301.333,1191.07,0
301.4,1191.43,0
301.467,1191.79,0
301.533,1192.14,0
301.6,1192.48,0
301.667,1192.84,0
301.733,1193.19,0
301.8,1193.55,0
301.867,1193.91,0
301.933,1194.28,0
302,1194.65,0
302.067,1195.02,0
302.133,1195.4,0
302.2,1195.77,0
302.267,1196.13,0
302.333,1196.49,0
302.4,1196.84,0
302.467,1197.18,0
302.533,1197.51,0
302.6,1197.84,0
302.667,1198.16,0
302.733,1198.47,0
302.8,1198.78,0
302.867,1199.09,0
302.933,1199.39,0
303,1199.68,0
303.067,1199.97,0
303.133,1200.26,0
303.2,1200.55,0
303.267,1200.83,0
303.333,1201.11,0
303.4,1201.39,0
303.467,1201.66,0
303.533,1201.93,0
303.6,1202.2,0
303.667,1202.47,0
303.733,1202.74,0
303.8,1203.01,0
303.867,1203.26,0
303.933,1203.52,0
304,1203.77,0
304.067,1204.03,0
304.133,1204.28,0
304.2,1204.53,0
304.267,1204.79,0
304.333,1205.04,0
304.4,1205.29,0
304.467,1205.54,0
304.533,1205.79,0
304.6,1206.05,0
304.667,1206.31,0
304.733,1206.56,0
304.8,1206.82,0
304.867,1207.08,0
304.933,1207.34,0
305,1207.59,0
305.067,1207.86,0
305.133,1208.12,0
305.2,1208.38,0
305.267,1208.63,0
305.333,1208.88,0
305.4,1209.13,0
305.467,1209.37,0
305.533,1209.61,0
305.6,1209.85,0
305.667,1210.09,0
305.733,1210.32,0
305.8,1210.56,0
305.867,1210.8,0
305.933,1211.04,0
306,1211.28,0
306.067,1211.52,0
306.133,1211.76,0
306.2,1212.01,0
306.267,1212.26,0
306.333,1212.5,0
306.4,1212.75,0
306.467,1213,0
306.533,1213.25,0
306.6,1213.49,0
306.667,1213.74,0
306.733,1213.98,0
306.8,1214.22,0
306.867,1214.45,0
306.933,1214.69,0
307,1214.92,0
307.067,1215.15,0
307.133,1215.38,0
307.2,1215.6,0
307.267,1215.83,0
307.333,1216.05,0
307.4,1216.28,0
307.467,1216.5,0
307.533,1216.72,0
307.6,1216.94,0
307.667,1217.16,0
307.733,1217.37,0
307.8,1217.58,0
307.867,1217.79,0
307.933,1218,0
308,1218.21,0
308.067,1218.41,0
308.133,1218.61,0
308.2,1218.81,0
308.267,1219.01,0
308.333,1219.21,0
308.4,1219.41,0
308.467,1219.61,0
308.533,1219.8,0
308.6,1219.99,0
308.667,1220.19,0
308.733,1220.38,0
308.8,1220.57,0
308.867,1220.77,0
308.933,1220.96,0
309,1221.15,0
309.067,1221.33,0
309.133,1221.52,0
309.2,1221.71,0
309.267,1221.9,0
309.333,1222.09,0
309.4,1222.29,0
309.467,1222.48,0
309.533,1222.68,0
309.6,1222.87,0
309.667,1223.07,0
309.733,1223.28,0
309.8,1223.48,0
309.867,1223.69,0
309.933,1223.9,0
310,1224.11,0
310.067,1224.31,0
310.133,1224.52,0
310.2,1224.73,0
310.267,1224.93,0
310.333,1225.14,0
310.4,1225.34,0
310.467,1225.54,0
310.533,1225.75,0
310.6,1225.95,0
310.667,1226.14,0
310.733,1226.33,0
310.8,1226.52,0
310.867,1226.7,0
310.933,1226.88,0
311,1227.06,0
311.067,1227.24,0
311.133,1227.41,0
311.2,1227.58,0
311.267,1227.75,0
311.333,1227.91,0
311.4,1228.07,0
311.467,1228.23,0
311.533,1228.39,0
311.6,1228.54,0
311.667,1228.69,0
311.733,1228.82,0
311.8,1228.95,0
311.867,1229.08,0
311.933,1229.21,0
312,1229.34,0
312.067,1229.46,0
312.133,1229.59,0
312.2,1229.72,0
312.267,1229.85,0
312.333,1229.99,0
312.4,1230.12,0
312.467,1230.27,0
312.533,1230.41,0
312.6,1230.55,0
312.667,1230.7,0
312.733,1230.84,0
312.8,1230.99,0
312.867,1231.14,0
312.933,1231.29,0
313,1231.43,0
313.067,1231.57,0
313.133,1231.71,0
313.2,1231.84,0
313.267,1231.98,0
313.333,1232.12,0
313.4,1232.25,0
313.467,1232.39,0
313.533,1232.53,0
313.6,1232.67,0
313.667,1232.82,0
313.733,1232.96,0
313.8,1233.11,0
313.867,1233.26,0
313.933,1233.41,0
314,1233.57,0
314.067,1233.73,0
314.133,1233.9,0
314.2,1234.07,0
314.267,1234.25,0
314.333,1234.43,0
314.4,1234.62,0
314.467,1234.81,0
314.533,1235.01,0
314.6,1235.21,0
314.667,1235.41,0
314.733,1235.61,0
314.8,1235.8,0
314.867,1236,0
314.933,1236.2,0
315,1236.41,0
315.067,1236.61,0
315.133,1236.81,0
315.2,1237.02,0
315.267,1237.22,0
315.333,1237.43,0
315.4,1237.64,0
315.467,1237.85,0
315.533,1238.06,0
315.6,1238.27,0
315.667,1238.47,0
315.733,1238.68,0
315.8,1238.89,0
315.867,1239.09,0
315.933,1239.29,0
316,1239.49,0
316.067,1239.7,0
316.133,1239.9,0
316.2,1240.1,0
316.267,1240.3,0
316.333,1240.5,0
316.4,1240.7,0
316.467,1240.89,0
316.533,1241.07,0
316.6,1241.26,0
316.667,1241.44,0
316.733,1241.62,0
316.8,1241.79,0
316.867,1241.96,0
316.933,1242.12,0
317,1242.28,0
317.067,1242.43,0
317.133,1242.57,0
317.2,1242.72,0
317.267,1242.85,0
317.333,1242.99,0
317.4,1243.11,0
317.467,1243.24,0
317.533,1243.36,0
317.6,1243.48,0
317.667,1243.6,0
317.733,1243.71,0
317.8,1243.83,0
317.867,1243.94,0
317.933,1244.04,0
318,1244.15,0
318.067,1244.25,0
318.133,1244.35,0
318.2,1244.44,0
318.267,1244.54,0
318.333,1244.63,0
318.4,1244.71,0
318.467,1244.8,0
318.533,1244.87,0
318.6,1244.95,0
318.667,1245.01,0
318.733,1245.08,0
318.8,1245.14,0
318.867,1245.2,0
318.933,1245.25,0
319,1245.3,0
319.067,1245.35,0
319.133,1245.39,0
319.2,1245.44,0
319.267,1245.47,0
319.333,1245.51,0
319.4,1245.54,0
319.467,1245.56,0
319.533,1245.58,0
319.6,1245.6,0
319.667,1245.62,0
319.733,1245.63,0
319.8,1245.64,0
319.867,1245.65,0
319.933,1245.66,0
320,1245.67,0
320.067,1245.68,0
320.133,1245.68,0
320.2,1245.68,0
320.267,1245.69,0
320.333,1245.69,0
320.4,1245.7,0
320.467,1245.7,0
320.533,1245.7,0
320.6,1245.71,0
320.667,1245.71,0
320.733,1245.72,0
320.8,1245.72,0
320.867,1245.73,0
320.933,1245.73,0
321,1245.74,0
321.067,1245.74,0
321.133,1245.75,0
321.2,1245.75,0
321.267,1245.76,0
321.333,1245.76,0
321.4,1245.76,0
321.467,1245.77,0
321.533,1245.77,0
321.6,1245.78,0
321.667,1245.78,0
321.733,1245.79,0
321.8,1245.79,0
321.867,1245.8,0
321.933,1245.8,0
322,1245.81,0
322.067,1245.81,0
322.133,1245.82,0
322.2,1245.83,0
322.267,1245.83,0
322.333,1245.84,0
322.4,1245.84,0
322.467,1245.85,0
322.533,1245.85,0
322.6,1245.86,0
322.667,1245.87,0
322.733,1245.87,0
322.8,1245.88,0
322.867,1245.88,0
322.933,1245.89,0
323,1245.9,0
323.067,1245.9,0
323.133,1245.91,0
323.2,1245.92,0
323.267,1245.92,0
323.333,1245.93,0
323.4,1245.94,0
323.467,1245.94,0
323.533,1245.95,0
323.6,1245.96,0
323.667,1245.96,0
323.733,1245.97,0
323.8,1245.98,0
323.867,1245.98,0
323.933,1245.99,0
324,1246,0
324.067,1246,0
324.133,1246.01,0
324.2,1246.01,0
324.267,1246.02,0
324.333,1246.03,0
324.4,1246.03,0
324.467,1246.04,0
324.533,1246.04,0
324.6,1246.05,0
324.667,1246.06,0
324.733,1246.06,0
324.8,1246.07,0
324.867,1246.07,0
324.933,1246.08,0
325,1246.09,0
325.067,1246.09,0
325.133,1246.1,0
325.2,1246.11,0
325.267,1246.11,0
325.333,1246.12,0
325.4,1246.12,0
325.467,1246.13,0
325.533,1246.14,0
325.6,1246.14,0
325.667,1246.15,0
325.733,1246.16,0
325.8,1246.16,0
325.867,1246.17,0
325.933,1246.18,0
326,1246.18,0
326.067,1246.19,0
326.133,1246.2,0
326.2,1246.2,0
326.267,1246.21,0
326.333,1246.21,0
326.4,1246.22,0
326.467,1246.23,0
326.533,1246.24,0
326.6,1246.24,0
326.667,1246.25,0
326.733,1246.26,0
326.8,1246.27,0
326.867,1246.28,0
326.933,1246.29,0
327,1246.3,0
327.067,1246.31,0
327.133,1246.33,0
327.2,1246.34,0
327.267,1246.35,0
327.333,1246.36,0
327.4,1246.36,0
327.467,1246.37,0
327.533,1246.38,0
327.6,1246.38,0
327.667,1246.39,0
327.733,1246.39,0
327.8,1246.4,0
327.867,1246.41,0
327.933,1246.43,0
328,1246.45,0
328.067,1246.47,0
328.133,1246.49,0
328.2,1246.52,0
328.267,1246.54,0
328.333,1246.56,0
328.4,1246.59,0
328.467,1246.62,0
328.533,1246.65,0
328.6,1246.69,0
328.667,1246.74,0
328.733,1246.79,0
328.8,1246.85,0
328.867,1246.9,0
328.933,1246.96,0
329,1247.02,0
329.067,1247.07,0
329.133,1247.13,0
329.2,1247.18,0
329.267,1247.23,0
329.333,1247.28,0
329.4,1247.34,0
329.467,1247.4,0
329.533,1247.46,0
329.6,1247.53,0
329.667,1247.6,0
329.733,1247.67,0
329.8,1247.74,0
329.867,1247.81,0
329.933,1247.88,0
330,1247.96,0
330.067,1248.03,0
330.133,1248.1,0
330.2,1248.16,0
330.267,1248.22,0
330.333,1248.28,0
330.4,1248.34,0
330.467,1248.4,0
330.533,1248.46,0
330.6,1248.51,0
330.667,1248.56,0
330.733,1248.62,0
330.8,1248.67,0
330.867,1248.72,0
330.933,1248.78,0
331,1248.83,0
331.067,1248.89,0
331.133,1248.94,0
331.2,1248.99,0
331.267,1249.05,0
331.333,1249.11,0
331.4,1249.16,0
331.467,1249.22,0
331.533,1249.28,0
331.6,1249.33,0
331.667,1249.39,0
331.733,1249.45,0
331.8,1249.51,0
331.867,1249.56,0
331.933,1249.61,0
332,1249.66,0
332.067,1249.7,0
332.133,1249.75,0
332.2,1249.79,0
332.267,1249.84,0
332.333,1249.88,0
332.4,1249.92,0
332.467,1249.97,0
332.533,1250.01,0
332.6,1250.05,0
332.667,1250.1,0
332.733,1250.14,0
332.8,1250.19,0
332.867,1250.24,0
332.933,1250.29,0
333,1250.33,0
333.067,1250.38,0
333.133,1250.43,0
333.2,1250.48,0
333.267,1250.53,0
333.333,1250.58,0
333.4,1250.63,0
333.467,1250.69,0
333.533,1250.74,0
333.6,1250.79,0
333.667,1250.84,0
333.733,1250.89,0
333.8,1250.94,0
333.867,1250.99,0
333.933,1251.04,0
334,1251.09,0
334.067,1251.13,0
334.133,1251.18,0
334.2,1251.22,0
334.267,1251.25,0
334.333,1251.29,0
334.4,1251.32,0
334.467,1251.35,0
334.533,1251.38,0
334.6,1251.4,0
334.667,1251.43,0
334.733,1251.45,0
334.8,1251.47,0
334.867,1251.48,0
334.933,1251.5,0
335,1251.51,0
335.067,1251.52,0
335.133,1251.54,0
335.2,1251.55,0
335.267,1251.57,0
335.333,1251.58,0
335.4,1251.59,0
335.467,1251.6,0
335.533,1251.6,0
335.6,1251.61,0
335.667,1251.62,0
335.733,1251.63,0
335.8,1251.64,0
335.867,1251.64,0
335.933,1251.65,0
336,1251.66,0
336.067,1251.67,0
336.133,1251.68,0
336.2,1251.69,0
336.267,1251.7,0
336.333,1251.71,0
336.4,1251.73,0
336.467,1251.74,0
336.533,1251.76,0
336.6,1251.78,0
336.667,1251.8,0
336.733,1251.83,0
336.8,1251.86,0
336.867,1251.9,0
336.933,1251.93,0
337,1251.97,0
337.067,1252.02,0
337.133,1252.07,0
337.2,1252.11,0
337.267,1252.17,0
337.333,1252.22,0
337.4,1252.28,0
337.467,1252.34,0
337.533,1252.4,0
337.6,1252.46,0
337.667,1252.53,0
337.733,1252.59,0
337.8,1252.66,0
337.867,1252.72,0
337.933,1252.79,0
338,1252.85,0
338.067,1252.92,0
338.133,1252.99,0
338.2,1253.06,0
338.267,1253.14,0
338.333,1253.21,0
338.4,1253.29,0
338.467,1253.37,0
338.533,1253.45,0
338.6,1253.53,0
338.667,1253.61,0
338.733,1253.7,0
338.8,1253.78,0
338.867,1253.87,0
338.933,1253.96,0
339,1254.04,0
339.067,1254.13,0
339.133,1254.21,0
339.2,1254.3,0
339.267,1254.38,0
339.333,1254.47,0
339.4,1254.55,0
339.467,1254.64,0
339.533,1254.72,0
339.6,1254.8,0
339.667,1254.89,0
339.733,1254.97,0
339.8,1255.06,0
339.867,1255.15,0
339.933,1255.24,0
340,1255.32,0
340.067,1255.4,0
340.133,1255.48,0
340.2,1255.55,0
340.267,1255.62,0
340.333,1255.68,0
340.4,1255.73,0
340.467,1255.78,0
340.533,1255.82,0
340.6,1255.86,0
340.667,1255.89,0
340.733,1255.92,0
340.8,1255.94,0
340.867,1255.97,0
340.933,1256,0
341,1256.03,0
341.067,1256.06,0
341.133,1256.08,0
341.2,1256.11,0
341.267,1256.14,0
341.333,1256.16,0
341.4,1256.18,0
341.467,1256.2,0
341.533,1256.23,0
341.6,1256.25,0
341.667,1256.26,0
341.733,1256.27,0
341.8,1256.28,0
341.867,1256.29,0
341.933,1256.29,0
342,1256.29,0
342.067,1256.29,0
342.133,1256.29,0
342.2,1256.29,0
342.267,1256.29,0
342.333,1256.29,0
342.4,1256.29,0
342.467,1256.29,0
342.533,1256.29,0
342.6,1256.29,0
342.667,1256.29,0
342.733,1256.29,0
342.8,1256.29,0
342.867,1256.29,0
342.933,1256.29,0
343,1256.29,0
343.067,1256.29,0
343.133,1256.29,0
343.2,1256.29,0
343.267,1256.29,0
343.333,1256.29,0
343.4,1256.29,0
343.467,1256.29,0
343.533,1256.29,0
343.6,1256.29,0
343.667,1256.29,0
343.733,1256.29,0
343.8,1256.29,0
343.867,1256.29,0
343.933,1256.29,0
344,1256.29,0
344.067,1256.29,0
344.133,1256.29,0
344.2,1256.29,0
344.267,1256.29,0
344.333,1256.29,0
344.4,1256.29,0
344.467,1256.29,0
344.533,1256.29,0
344.6,1256.29,0
344.667,1256.3,0
344.733,1256.3,0
344.8,1256.3,0
344.867,1256.3,0
344.933,1256.3,0
345,1256.3,0
345.067,1256.3,0
345.133,1256.3,0
345.2,1256.3,0
345.267,1256.3,0
345.333,1256.3,0
345.4,1256.3,0
345.467,1256.3,0
345.533,1256.3,0
345.6,1256.3,0
345.667,1256.3,0
345.733,1256.3,0
345.8,1256.3,0
345.867,1256.3,0
345.933,1256.3,0
346,1256.3,0
346.067,1256.3,0
346.133,1256.3,0
346.2,1256.3,0
346.267,1256.3,0
346.333,1256.3,0
346.4,1256.3,0
346.467,1256.3,0
346.533,1256.3,0
346.6,1256.3,0
346.667,1256.3,0
346.733,1256.3,0
346.8,1256.3,0
346.867,1256.3,0
346.933,1256.3,0
347,1256.3,0
347.067,1256.3,0
347.133,1256.3,0
347.2,1256.3,0
347.267,1256.3,0
347.333,1256.3,0
347.4,1256.3,0
347.467,1256.3,0
347.533,1256.3,0
347.6,1256.3,0
347.667,1256.3,0
347.733,1256.3,0
347.8,1256.3,0
347.867,1256.3,0
347.933,1256.3,0
348,1256.3,0
348.067,1256.3,0
348.133,1256.3,0
348.2,1256.3,0
348.267,1256.3,0
348.333,1256.3,0
348.4,1256.3,0
348.467,1256.3,0
348.533,1256.3,0
348.6,1256.3,0
348.667,1256.3,0
348.733,1256.3,0
348.8,1256.3,0
348.867,1256.3,0
348.933,1256.3,0
349,1256.3,0
349.067,1256.3,0
349.133,1256.3,0
349.2,1256.3,0
349.267,1256.3,0
349.333,1256.3,0
349.4,1256.3,0
349.467,1256.3,0
349.533,1256.3,0
349.6,1256.3,0
349.667,1256.3,0
349.733,1256.3,0
349.8,1256.3,0
349.867,1256.3,0
349.933,1256.3,0
350,1256.3,0
350.067,1256.3,0
350.133,1256.3,0
350.2,1256.3,0
350.267,1256.3,0
350.333,1256.3,0
350.4,1256.3,0
350.467,1256.3,0
350.533,1256.31,0
350.6,1256.31,0
350.667,1256.33,0
350.733,1256.35,0
350.8,1256.37,0
350.867,1256.4,0
350.933,1256.43,0
351,1256.47,0
351.067,1256.5,0
351.133,1256.54,0
351.2,1256.57,0
351.267,1256.61,0
351.333,1256.64,0
351.4,1256.68,0
351.467,1256.71,0
351.533,1256.75,0
351.6,1256.79,0
351.667,1256.82,0
351.733,1256.86,0
351.8,1256.9,0
351.867,1256.94,0
351.933,1256.98,0
352,1257.02,0
352.067,1257.06,0
352.133,1257.1,0
352.2,1257.14,0
352.267,1257.18,0
352.333,1257.22,0
352.4,1257.26,0
352.467,1257.3,0
352.533,1257.34,0
352.6,1257.39,0
352.667,1257.43,0
352.733,1257.49,0
352.8,1257.55,0
352.867,1257.61,0
352.933,1257.68,0
353,1257.75,0
353.067,1257.83,0
353.133,1257.91,0
353.2,1257.99,0
353.267,1258.07,0
353.333,1258.16,0
353.4,1258.24,0
353.467,1258.33,0
353.533,1258.43,0
353.6,1258.52,0
353.667,1258.62,0
353.733,1258.72,0
353.8,1258.82,0
353.867,1258.92,0
353.933,1259.02,0
354,1259.12,0
354.067,1259.22,0
354.133,1259.32,0
354.2,1259.43,0
354.267,1259.53,0
354.333,1259.63,0
354.4,1259.73,0
354.467,1259.83,0
354.533,1259.93,0
354.6,1260.02,0
354.667,1260.12,0
354.733,1260.21,0
354.8,1260.31,0
354.867,1260.4,0
354.933,1260.49,0
355,1260.58,0
355.067,1260.66,0
355.133,1260.75,0
355.2,1260.84,0
355.267,1260.93,0
355.333,1261.03,0
355.4,1261.12,0
355.467,1261.22,0
355.533,1261.32,0
355.6,1261.42,0
355.667,1261.53,0
355.733,1261.63,0
355.8,1261.74,0
355.867,1261.85,0
355.933,1261.95,0
356,1262.06,0
356.067,1262.17,0
356.133,1262.28,0
356.2,1262.39,0
356.267,1262.5,0
356.333,1262.61,0
356.4,1262.73,0
356.467,1262.84,0
356.533,1262.95,0
356.6,1263.06,0
356.667,1263.18,0
356.733,1263.29,0
356.8,1263.41,0
356.867,1263.52,0
356.933,1263.65,0
357,1263.77,0
357.067,1263.9,0
357.133,1264.04,0
357.2,1264.17,0
357.267,1264.31,0
357.333,1264.45,0
357.4,1264.59,0
357.467,1264.73,0
357.533,1264.88,0
357.6,1265.02,0
357.667,1265.16,0
357.733,1265.31,0
357.8,1265.45,0
357.867,1265.6,0
357.933,1265.74,0
358,1265.89,0
358.067,1266.04,0
358.133,1266.18,0
358.2,1266.33,0
358.267,1266.48,0
358.333,1266.63,0
358.4,1266.78,0
358.467,1266.92,0
358.533,1267.07,0
358.6,1267.22,0
358.667,1267.38,0
358.733,1267.53,0
358.8,1267.68,0
358.867,1267.83,0
358.933,1267.98,0
359,1268.13,0
359.067,1268.28,0
359.133,1268.44,0
359.2,1268.6,0
359.267,1268.76,0
359.333,1268.93,0
359.4,1269.1,0
359.467,1269.27,0
359.533,1269.45,0
359.6,1269.62,0
359.667,1269.8,0
359.733,1269.99,0
359.8,1270.17,0
359.867,1270.36,0
359.933,1270.55,0
360,1270.73,0
360.067,1270.92,0
360.133,1271.1,0
360.2,1271.29,0
360.267,1271.47,0
360.333,1271.65,0
360.4,1271.84,0
360.467,1272.02,0
360.533,1272.21,0
360.6,1272.39,0
360.667,1272.58,0
360.733,1272.76,0
360.8,1272.95,0
360.867,1273.13,0
360.933,1273.32,0
361,1273.51,0
361.067,1273.69,0
361.133,1273.88,0
361.2,1274.07,0
361.267,1274.27,0
361.333,1274.47,0
361.4,1274.67,0
361.467,1274.88,0
361.533,1275.09,0
361.6,1275.3,0
361.667,1275.51,0
361.733,1275.72,0
361.8,1275.93,0
361.867,1276.15,0
361.933,1276.36,0
362,1276.57,0
362.067,1276.79,0
362.133,1277.01,0
362.2,1277.23,0
362.267,1277.45,0
362.333,1277.67,0
362.4,1277.89,0
362.467,1278.11,0
362.533,1278.34,0
362.6,1278.57,0
362.667,1278.8,0
362.733,1279.03,0
362.8,1279.27,0
362.867,1279.51,0
362.933,1279.74,0
363,1279.98,0
363.067,1280.21,0
363.133,1280.45,0
363.2,1280.68,0
363.267,1280.9,0
363.333,1281.13,0
363.4,1281.36,0
363.467,1281.58,0
363.533,1281.81,0
363.6,1282.03,0
363.667,1282.25,0
363.733,1282.48,0
363.8,1282.7,0
363.867,1282.92,0
363.933,1283.14,0
364,1283.36,0
364.067,1283.57,0
364.133,1283.79,0
364.2,1284.01,0
364.267,1284.23,0
364.333,1284.44,0
364.4,1284.66,0
364.467,1284.87,0
364.533,1285.08,0
364.6,1285.3,0
364.667,1285.5,0
364.733,1285.71,0
364.8,1285.92,0
364.867,1286.13,0
364.933,1286.33,0
365,1286.54,0
365.067,1286.75,0
365.133,1286.96,0
365.2,1287.16,0
365.267,1287.38,0
365.333,1287.59,0
365.4,1287.81,0
365.467,1288.03,0
365.533,1288.25,0
365.6,1288.48,0
365.667,1288.71,0
365.733,1288.95,0
365.8,1289.19,0
365.867,1289.43,0
365.933,1289.68,0
366,1289.93,0
366.067,1290.18,0
366.133,1290.44,0
366.2,1290.7,0
366.267,1290.97,0
366.333,1291.24,0
366.4,1291.51,0
366.467,1291.78,0
366.533,1292.05,0
366.6,1292.32,0
366.667,1292.6,0
366.733,1292.87,0
366.8,1293.15,0
366.867,1293.42,0
366.933,1293.7,0
367,1293.97,0
367.067,1294.25,0
367.133,1294.53,0
367.2,1294.8,0
367.267,1295.08,0
367.333,1295.35,0
367.4,1295.63,0
367.467,1295.9,0
367.533,1296.17,0
367.6,1296.45,0
367.667,1296.72,0
367.733,1296.98,0
367.8,1297.25,0
367.867,1297.51,0
367.933,1297.78,0
368,1298.04,0
368.067,1298.3,0
368.133,1298.56,0
368.2,1298.82,0
368.267,1299.08,0
368.333,1299.34,0
368.4,1299.6,0
368.467,1299.87,0
368.533,1300.14,0
368.6,1300.4,0
368.667,1300.67,0
368.733,1300.94,0
368.8,1301.22,0
368.867,1301.49,0
368.933,1301.77,0
369,1302.05,0
369.067,1302.33,0
369.133,1302.61,0
369.2,1302.9,0
369.267,1303.18,0
369.333,1303.47,0
369.4,1303.76,0
369.467,1304.04,0
369.533,1304.34,0
369.6,1304.63,0
369.667,1304.92,0
369.733,1305.21,0
369.8,1305.5,0
369.867,1305.79,0
369.933,1306.09,0
370,1306.38,0
370.067,1306.67,0
370.133,1306.97,0
370.2,1307.27,0
370.267,1307.56,0
370.333,1307.86,0
370.4,1308.16,0
370.467,1308.47,0
370.533,1308.77,0
370.6,1309.08,0
370.667,1309.39,0
370.733,1309.7,0
370.8,1310.01,0
370.867,1310.32,0
370.933,1310.64,0
371,1310.96,0
371.067,1311.28,0
371.133,1311.6,0
371.2,1311.92,0
371.267,1312.25,0
371.333,1312.58,0
371.4,1312.9,0
371.467,1313.23,0
371.533,1313.56,0
371.6,1313.89,0
371.667,1314.22,0
371.733,1314.55,0
371.8,1314.88,0
371.867,1315.22,0
371.933,1315.56,0
372,1315.9,0
372.067,1316.25,0
372.133,1316.59,0
372.2,1316.94,0
372.267,1317.28,0
372.333,1317.62,0
372.4,1317.97,0
372.467,1318.32,0
372.533,1318.66,0
372.6,1319.01,0
372.667,1319.36,0
372.733,1319.72,0
372.8,1320.07,0
372.867,1320.42,0
372.933,1320.77,0
373,1321.13,0
373.067,1321.49,0
373.133,1321.84,0
373.2,1322.19,0
373.267,1322.53,0
373.333,1322.88,0
373.4,1323.22,0
373.467,1323.56,0
373.533,1323.9,0
373.6,1324.24,0
373.667,1324.58,0
373.733,1324.92,0
373.8,1325.26,0
373.867,1325.6,0
373.933,1325.94,0
374,1326.29,0
374.067,1326.63,0
374.133,1326.98,0
374.2,1327.32,0
374.267,1327.67,0
374.333,1328.02,0
374.4,1328.37,0
374.467,1328.72,0
374.533,1329.07,0
374.6,1329.43,0
374.667,1329.78,0
374.733,1330.13,0
374.8,1330.48,0
374.867,1330.84,0
374.933,1331.19,0
375,1331.54,0
375.067,1331.9,0
375.133,1332.26,0
375.2,1332.61,0
375.267,1332.97,0
375.333,1333.32,0
375.4,1333.68,0
375.467,1334.04,0
375.533,1334.39,0
375.6,1334.75,0
375.667,1335.1,0
375.733,1335.46,0
375.8,1335.82,0
375.867,1336.17,0
375.933,1336.53,0
376,1336.88,0
376.067,1337.24,0
376.133,1337.6,0
376.2,1337.96,0
376.267,1338.32,0
376.333,1338.69,0
376.4,1339.06,0
376.467,1339.43,0
376.533,1339.8,0
376.6,1340.18,0
376.667,1340.55,0
376.733,1340.93,0
376.8,1341.3,0
376.867,1341.68,0
376.933,1342.06,0
377,1342.43,0
377.067,1342.81,0
377.133,1343.18,0
377.2,1343.56,0
377.267,1343.93,0
377.333,1344.31,0
377.4,1344.68,0
377.467,1345.06,0
377.533,1345.44,0
377.6,1345.82,0
377.667,1346.19,0
377.733,1346.57,0
377.8,1346.95,0
377.867,1347.33,0
377.933,1347.71,0
378,1348.09,0
378.067,1348.47,0
378.133,1348.86,0
378.2,1349.24,0
378.267,1349.62,0
378.333,1350.01,0
378.4,1350.39,0
378.467,1350.78,0
378.533,1351.16,0
378.6,1351.55,0
378.667,1351.93,0
378.733,1352.32,0
378.8,1352.71,0
378.867,1353.09,0
378.933,1353.48,0
379,1353.87,0
379.067,1354.25,0
379.133,1354.64,0
379.2,1355.03,0
379.267,1355.42,0
379.333,1355.81,0
379.4,1356.19,0
379.467,1356.58,0
379.533,1356.97,0
379.6,1357.36,0
379.667,1357.74,0
379.733,1358.12,0
379.8,1358.5,0
379.867,1358.88,0
379.933,1359.26,0
380,1359.65,0
380.067,1360.03,0
380.133,1360.41,0
380.2,1360.8,0
380.267,1361.18,0
380.333,1361.57,0
380.4,1361.95,0
380.467,1362.34,0
380.533,1362.73,0
380.6,1363.11,0
380.667,1363.5,0
380.733,1363.89,0
380.8,1364.28,0
380.867,1364.67,0
380.933,1365.07,0
381,1365.46,0
381.067,1365.86,0
381.133,1366.26,0
381.2,1366.66,0
381.267,1367.06,0
381.333,1367.48,0
381.4,1367.89,0
381.467,1368.31,0
381.533,1368.72,0
381.6,1369.14,0
381.667,1369.55,0
381.733,1369.97,0
381.8,1370.38,0
381.867,1370.8,0
381.933,1371.22,0
382,1371.63,0
382.067,1372.05,0
382.133,1372.46,0
382.2,1372.88,0
382.267,1373.29,0
382.333,1373.7,0
382.4,1374.12,0
382.467,1374.53,0
$,123
